,Search,Tweet,Entered on,pos_score,neu_score,neg_score,compound_score,angry_score,fear_score,happy_score,sad_score,surprise_score
0,Black Lives Matter,im guessing dont support black lives matter ,2020-10-27,0.132,0.598,0.27,-0.2865,0.0,0.5,0.0,0.0,0.5
1,Black Lives Matter,important pay attention happening country right heres reminder vote rea ,2020-10-27,0.161,0.714,0.125,0.1027,0.0,0.5,0.5,0.0,0.0
2,Black Lives Matter,steady perhaps tell given point tweet quite clearly attack bl ,2020-10-27,0.387,0.413,0.199,0.4902,0.0,0.33,0.0,0.33,0.33
3,Black Lives Matter,really going make huh mission google portland night ,2020-10-27,0.0,0.0,0.0,0.0,0.0,0.25,0.0,0.25,0.5
4,Black Lives Matter,uk blm affiliate behind attempt use name political party ,2020-10-27,0.252,0.748,0.0,0.4019,0.0,0.0,0.0,1.0,0.0
5,Black Lives Matter,agree specific phrase black lives matter even though speaks specific issue ,2020-10-27,0.286,0.714,0.0,0.3818,0.0,0.67,0.0,0.33,0.0
6,Black Lives Matter,also black lives matter banner twitter profile doesnt qualify worldview chief ,2020-10-27,0.099,0.901,0.0,0.0258,0.0,0.5,0.0,0.5,0.0
7,Black Lives Matter,last event engaged bhm2020 organised team brilliant young people ,2020-10-27,0.481,0.519,0.0,0.7579,0.0,0.5,0.5,0.0,0.0
8,Black Lives Matter,literally never turn pseudoscience show black lives matter ,2020-10-27,0.332,0.668,0.0,0.2472,0.0,0.5,0.0,0.0,0.5
9,Black Lives Matter,womens rights matter black lives matter lgbtq rights matter political viewpoints ,2020-10-27,0.292,0.708,0.0,0.0772,0.0,1.0,0.0,0.0,0.0
10,Black Lives Matter,playing live radio f africa nefarious technologies police surveillance black lives matter ,2020-10-27,0.244,0.756,0.0,0.2263,0.0,1.0,0.0,0.0,0.0
11,Black Lives Matter,care lack representation homophobic much get side ,2020-10-27,0.305,0.476,0.219,0.2263,0.0,1.0,0.0,0.0,0.0
12,Black Lives Matter,mostly peaceful protest violent black lives matter goons chase police street philly run cop ,2020-10-27,0.213,0.495,0.292,-0.3818,0.0,0.33,0.33,0.33,0.0
13,Black Lives Matter,whats disgrace disrespecting man downplaying death ,2020-10-27,0.0,0.36,0.64,-0.7964,0.0,0.5,0.0,0.5,0.0
14,Black Lives Matter,black lives matter anti fascism terrorism humans right protest botsforblacklives ,2020-10-27,0.069,0.375,0.556,-0.8316,0.0,1.0,0.0,0.0,0.0
15,Black Lives Matter,black lives fucking matter ,2020-10-27,0.317,0.683,0.0,0.101,0.0,0.5,0.5,0.0,0.0
16,Black Lives Matter,proof white lives mean blue black lives matter blm ,2020-10-27,0.121,0.879,0.0,0.0258,0.0,0.75,0.0,0.25,0.0
17,Black Lives Matter,posted photo black lives matter america ,2020-10-27,0.18,0.82,0.0,0.0258,0.0,1.0,0.0,0.0,0.0
18,Black Lives Matter,eyes takes away black lives matter movement arguably important right know w ,2020-10-27,0.225,0.62,0.155,-0.0258,0.2,0.4,0.2,0.0,0.2
19,Black Lives Matter,,2020-10-27,0.0,0.0,0.0,0.0,0.0,0.0,0.0,0.0,0.0
20,Black Lives Matter,disarm mentally ill knife wielding suspect realize black lives matter ,2020-10-27,0.084,0.534,0.382,-0.5994,0.33,0.67,0.0,0.0,0.0
21,Black Lives Matter,available yk wrestling ykw black lives matter unisex women kids tees tanks hoodies amp ,2020-10-27,0.078,0.922,0.0,0.0258,0.0,0.5,0.5,0.0,0.0
22,Black Lives Matter,white man walked porch knocked black lives matter sign ,2020-10-27,0.121,0.879,0.0,0.0258,0.0,1.0,0.0,0.0,0.0
23,Black Lives Matter,black lives matter co founder patrisse cullors signs overall deal warner bros television group hollywood el ,2020-10-27,0.068,0.932,0.0,0.0258,0.0,0.67,0.0,0.0,0.33
24,Black Lives Matter,black lives matter books help bloomsbury shares surge record highs ,2020-10-27,0.462,0.538,0.0,0.6124,0.0,0.5,0.0,0.25,0.25
25,Black Lives Matter,reminder democrats spent energy fighting challenges progressive wing containing ,2020-10-27,0.286,0.504,0.21,-0.0258,0.25,0.5,0.0,0.25,0.0
26,Black Lives Matter,seem remember white people twitter explaining say abolish police ,2020-10-27,0.0,0.0,0.0,0.0,0.0,0.25,0.0,0.5,0.25
27,Black Lives Matter,gonna claim black lives matter want us normalize shit killing us ,2020-10-27,0.138,0.402,0.46,-0.8225,0.0,0.25,0.0,0.0,0.75
28,Black Lives Matter,underlying connections global issues may visible first indeed connections exten ,2020-10-27,0.0,0.0,0.0,0.0,0.0,0.5,0.0,0.0,0.5
29,Black Lives Matter,friends neighbors statement affirming equality fellow humans deemed ,2020-10-27,0.307,0.693,0.0,0.4767,0.0,0.0,1.0,0.0,0.0
30,Black Lives Matter,bat_week know blm nationals william perry pendley wrote article cal ,2020-10-27,0.0,0.0,0.0,0.0,0.0,0.0,1.0,0.0,0.0
31,Black Lives Matter,black lives matter ,2020-10-27,0.355,0.645,0.0,0.0258,0.0,1.0,0.0,0.0,0.0
32,Black Lives Matter,warner bros tv group signs overall deal black lives matter co founder patrisse cullors ,2020-10-27,0.078,0.922,0.0,0.0258,0.0,0.67,0.0,0.0,0.33
33,Black Lives Matter,less 2 police conservatives actually ,2020-10-27,0.0,0.0,0.0,0.0,0.0,0.0,0.0,0.0,1.0
34,Black Lives Matter,also editor penned extremely disturbing black faith matters piece last summer ,2020-10-27,0.264,0.508,0.228,-0.1102,0.0,0.33,0.33,0.0,0.33
35,Black Lives Matter,maine school bans teachers saying controversial phrases like black lives matter gt ,2020-10-27,0.368,0.516,0.116,0.4404,0.0,0.33,0.0,0.33,0.33
36,Black Lives Matter,maine school bans teachers saying controversial phrases like black lives matter gt ,2020-10-27,0.368,0.516,0.116,0.4404,0.0,0.33,0.0,0.33,0.33
37,Black Lives Matter,saw video woman trump parade front black lives matter mural biggest gr ,2020-10-27,0.091,0.909,0.0,0.0258,0.0,0.33,0.0,0.33,0.33
38,Black Lives Matter,mostly peaceful protest violent black lives matter goons chase police street philly run cop ,2020-10-27,0.213,0.495,0.292,-0.3818,0.0,0.33,0.33,0.33,0.0
39,Black Lives Matter,black lives matter organization decentralized ,2020-10-27,0.216,0.784,0.0,0.0258,0.0,1.0,0.0,0.0,0.0
40,Black Lives Matter,black lives matter anti fascism terrorism humans right protest botsforblacklives ,2020-10-27,0.069,0.375,0.556,-0.8316,0.0,1.0,0.0,0.0,0.0
41,Black Lives Matter,black lives matter plaza msnbc ,2020-10-27,0.216,0.784,0.0,0.0258,0.0,1.0,0.0,0.0,0.0
42,Black Lives Matter,black lives matter matter minimum joe biden ,2020-10-27,0.306,0.694,0.0,0.0516,0.0,1.0,0.0,0.0,0.0
43,Black Lives Matter,support black lives matter go msu need yall comment asap ,2020-10-27,0.322,0.678,0.0,0.4215,0.0,1.0,0.0,0.0,0.0
44,Black Lives Matter,stop violence black bodies normal used tolerate ,2020-10-27,0.0,0.442,0.558,-0.743,1.0,0.0,0.0,0.0,0.0
45,Black Lives Matter,billionaires everywhere manufacturing blm marxist trained billionaire ,2020-10-27,0.0,0.0,0.0,0.0,0.0,0.0,0.0,0.0,0.0
46,Black Lives Matter,lets fk black lives matter riot loot run police suv philly ,2020-10-27,0.08,0.657,0.263,-0.5423,0.0,0.67,0.0,0.33,0.0
47,Black Lives Matter,mostly peaceful protest violent black lives matter goons chase police street philly run cop ,2020-10-27,0.213,0.495,0.292,-0.3818,0.0,0.33,0.33,0.33,0.0
48,Black Lives Matter,lol get angry maybe could say ,2020-10-27,0.277,0.396,0.327,-0.128,0.5,0.0,0.0,0.0,0.5
49,Black Lives Matter,pennsylvania bl mantifa riots blm democrat riots pa gov wolf awol chaos philly shops amp police vehicle loot ,2020-10-27,0.114,0.45,0.436,-0.8519,0.0,1.0,0.0,0.0,0.0
50,Black Lives Matter,black lives matter black lives matter la la la enough propaganda hard facts hindu lives ,2020-10-27,0.133,0.663,0.205,-0.296,0.33,0.67,0.0,0.0,0.0
51,Black Lives Matter,clear tweet actually refered black lives matter proteste ,2020-10-27,0.381,0.619,0.0,0.4019,0.0,0.33,0.0,0.33,0.33
52,Black Lives Matter,foreign black lives matter working class black lives matter r bipartisan therefor centrist week ,2020-10-27,0.167,0.833,0.0,0.0516,0.0,0.75,0.0,0.0,0.25
53,Black Lives Matter,black lives matter even dont agree shay via black girl maine going embrace bl ,2020-10-27,0.356,0.532,0.112,0.5559,0.0,0.5,0.0,0.25,0.25
54,Black Lives Matter,black lives matter 2020 stop killing people bc colors ,2020-10-27,0.08,0.438,0.482,-0.7579,0.0,0.33,0.0,0.33,0.33
55,Black Lives Matter,claim black lives matter also trying split black family unit lmaoo f blm ,2020-10-27,0.091,0.909,0.0,0.0258,0.0,0.5,0.0,0.0,0.5
56,Black Lives Matter,knew kind stuff happens time girls like 2020 deadliest year trans americans ,2020-10-27,0.371,0.629,0.0,0.7096,0.33,0.0,0.33,0.0,0.33
57,Black Lives Matter,yall really calling anti black lives matter flag tell cop color see wha ,2020-10-27,0.075,0.749,0.176,-0.3566,0.0,0.25,0.0,0.5,0.25
58,Black Lives Matter,black lives matter threads blm defund police black lives matter ,2020-10-27,0.216,0.784,0.0,0.0516,0.0,1.0,0.0,0.0,0.0
59,Black Lives Matter,barrett confirmed black lives matter co founder alicia garza gops via tube ,2020-10-27,0.091,0.909,0.0,0.0258,0.0,1.0,0.0,0.0,0.0
60,Black Lives Matter,hey remember fire chat called black lives matter racist black lives matter ,2020-10-27,0.133,0.482,0.386,-0.7351,0.0,0.67,0.0,0.0,0.33
61,Black Lives Matter,next time black folks try tell yall black people issue wanna try lives matter situati ,2020-10-27,0.073,0.927,0.0,0.0258,0.0,0.33,0.0,0.67,0.0
62,Black Lives Matter,national black cat day white ppl cats lives matter national white cat day let tf go ,2020-10-27,0.068,0.932,0.0,0.0258,0.0,0.38,0.5,0.12,0.0
63,Black Lives Matter,chaos philly shops police vehicle looted black lives matter riot fires officer police lost ,2020-10-27,0.053,0.483,0.464,-0.8591,0.0,0.75,0.0,0.25,0.0
64,Black Lives Matter,register event thanks coverage ,2020-10-27,0.492,0.508,0.0,0.4404,0.0,1.0,0.0,0.0,0.0
65,Black Lives Matter,black lives matter ,2020-10-27,0.355,0.645,0.0,0.0258,0.0,1.0,0.0,0.0,0.0
66,Black Lives Matter,reading type news ,2020-10-27,0.0,0.0,0.0,0.0,0.0,1.0,0.0,0.0,0.0
67,Black Lives Matter,black lives matter terrorist organization treated attac ,2020-10-27,0.102,0.463,0.435,-0.6808,0.0,0.67,0.0,0.0,0.33
68,Black Lives Matter,black lives matter like excuse riot loot injure people ,2020-10-27,0.363,0.37,0.267,-0.1779,0.0,0.67,0.0,0.33,0.0
69,Black Lives Matter,tw police brutality fuck police black lives fucking matter ,2020-10-27,0.094,0.403,0.504,-0.7968,0.25,0.25,0.5,0.0,0.0
70,Black Lives Matter,black lives matter ,2020-10-27,0.355,0.645,0.0,0.0258,0.0,1.0,0.0,0.0,0.0
71,Black Lives Matter,mostly peaceful protest violent black lives matter goons chase police street philly run cop ,2020-10-27,0.213,0.495,0.292,-0.3818,0.0,0.33,0.33,0.33,0.0
72,Black Lives Matter,left lives matter rest farce moment black female hisp ,2020-10-27,0.102,0.648,0.25,-0.3818,0.0,1.0,0.0,0.0,0.0
73,Black Lives Matter,sauce drops toys presents black panther black lives matter charity show art show ,2020-10-27,0.262,0.738,0.0,0.4404,0.0,0.5,0.5,0.0,0.0
74,Black Lives Matter,new podcast purpose power come together fall apart black justice lives ,2020-10-27,0.254,0.746,0.0,0.5267,0.5,0.5,0.0,0.0,0.0
75,Black Lives Matter,keep saying black lives matter hear lives matter justice matter ,2020-10-27,0.528,0.472,0.0,0.5719,0.0,0.8,0.0,0.0,0.2
76,Black Lives Matter,riding around adirondacks theres trump 2020 signs everywhere took ferry vermont theres black lives matter signs everywhere ,2020-10-27,0.064,0.936,0.0,0.0258,0.0,0.6,0.0,0.0,0.4
77,Black Lives Matter,black lives dont matter idk ,2020-10-27,0.241,0.559,0.2,0.0572,0.0,1.0,0.0,0.0,0.0
78,Black Lives Matter,soon come headline joe biden becomes black lives matter symbolic meme men blow gasket ,2020-10-27,0.078,0.922,0.0,0.0258,0.33,0.33,0.0,0.0,0.33
79,Black Lives Matter,mami brother vote democrat engage conversations immigration education policy system racism ,2020-10-27,0.155,0.581,0.265,-0.4019,0.0,0.8,0.0,0.0,0.2
80,Black Lives Matter,mostly peaceful protests ,2020-10-27,0.525,0.164,0.311,0.3182,0.0,0.0,1.0,0.0,0.0
81,Black Lives Matter,amazing coincidence black lives matter black liberation movement share initials al ,2020-10-27,0.47,0.53,0.0,0.7269,0.0,0.5,0.0,0.0,0.5
82,Black Lives Matter,neutral however twitter public sometimes think might offensive black lives ,2020-10-27,0.0,0.75,0.25,-0.4588,0.2,0.0,0.0,0.4,0.4
83,Black Lives Matter,proud children gospel choir cotg member christian inman using platform sing ,2020-10-27,0.237,0.763,0.0,0.4767,0.0,0.0,1.0,0.0,0.0
84,Black Lives Matter,lol performative best ca strin ,2020-10-27,0.7,0.3,0.0,0.7906,0.0,0.0,0.0,0.0,1.0
85,Black Lives Matter,lot things corrupt way thing cops ingrained ,2020-10-27,0.0,0.0,0.0,0.0,0.0,0.25,0.0,0.25,0.5
86,Black Lives Matter,domestic terrorism violent black lives matter goons chase police street philly run cop tru ,2020-10-27,0.053,0.534,0.413,-0.8555,0.0,0.67,0.0,0.33,0.0
87,Black Lives Matter,helpful reminder today black lives matter case anyone missed memo ,2020-10-27,0.298,0.534,0.168,0.1779,0.0,0.33,0.33,0.33,0.0
88,Black Lives Matter,surprising considering back 2016 equated black lives matter movement picking sides ,2020-10-27,0.262,0.738,0.0,0.296,0.0,0.5,0.0,0.25,0.25
89,Black Lives Matter,black lives dont matter according blm im confused ,2020-10-27,0.0,0.64,0.36,-0.3343,0.0,1.0,0.0,0.0,0.0
90,Black Lives Matter,black lives matter serves post modernistic agenda ,2020-10-27,0.155,0.845,0.0,0.0258,0.0,1.0,0.0,0.0,0.0
91,Black Lives Matter,black lives matter got problem statement go complain sister wife ,2020-10-27,0.083,0.526,0.391,-0.6249,0.0,0.67,0.0,0.33,0.0
92,Black Lives Matter,trumps white marauders stole 2nd black lives matter sign weekend guys sneak ,2020-10-27,0.091,0.909,0.0,0.0258,0.0,0.6,0.0,0.0,0.4
93,Black Lives Matter,constitution suicide pact ,2020-10-27,0.0,0.308,0.692,-0.6705,0.0,1.0,0.0,0.0,0.0
94,Black Lives Matter,literally thoughts reading yt lady asking black lives matter post black dude killed black ,2020-10-27,0.062,0.682,0.256,-0.6597,0.0,0.75,0.0,0.0,0.25
95,Black Lives Matter,name makes sense black lives matter al ,2020-10-27,0.155,0.845,0.0,0.0258,0.0,0.5,0.0,0.5,0.0
96,Black Lives Matter,typical black social outing usa encouraged black lives matter ,2020-10-27,0.34,0.66,0.0,0.3818,0.33,0.67,0.0,0.0,0.0
97,Black Lives Matter,nigeria africa largest nation backs trump despite black lives matter hostility ,2020-10-27,0.0,0.581,0.419,-0.5823,0.33,0.33,0.0,0.0,0.33
98,Black Lives Matter,pointed aware missed entire controversy pelosi others ,2020-10-27,0.0,0.732,0.268,-0.296,0.0,0.25,0.0,0.5,0.25
99,Black Lives Matter,clearly black lives dont fucking matter guys cant blame white people saying ,2020-10-27,0.315,0.599,0.086,0.5339,0.0,0.5,0.25,0.0,0.25
100,Black Lives Matter,couldve worded without using black people couldve said even one race lives dont matter ,2020-10-27,0.0,0.924,0.076,-0.0191,0.25,0.5,0.0,0.0,0.25
101,Black Lives Matter,black lives vote still black matter ,2020-10-27,0.18,0.82,0.0,0.0258,0.0,1.0,0.0,0.0,0.0
102,Black Lives Matter,saying black lives matter isnt political movement fact black lives fact matter ,2020-10-27,0.18,0.82,0.0,0.0516,0.0,0.67,0.0,0.0,0.33
103,Black Lives Matter,indeed black lives matter mr presidentwishing best luck presidential raceif theres one ,2020-10-27,0.48,0.52,0.0,0.8074,0.0,0.33,0.33,0.0,0.33
104,Black Lives Matter,enough say know one black friends would disagree tha ,2020-10-27,0.244,0.551,0.205,0.128,0.0,0.33,0.33,0.0,0.33
105,Black Lives Matter,black lives matter domestic terror organization ,2020-10-27,0.129,0.471,0.4,-0.5106,0.0,1.0,0.0,0.0,0.0
106,Black Lives Matter,course anyways acab black lives matter ,2020-10-27,0.18,0.82,0.0,0.0258,0.0,1.0,0.0,0.0,0.0
107,Black Lives Matter,thank racists horrible white racists far bottom racist barrel ,2020-10-27,0.119,0.19,0.69,-0.9186,0.0,1.0,0.0,0.0,0.0
108,Black Lives Matter,black lives matter domestic terror organization ,2020-10-27,0.129,0.471,0.4,-0.5106,0.0,1.0,0.0,0.0,0.0
109,Black Lives Matter,biden said everyone back hear black lives matter ,2020-10-27,0.136,0.864,0.0,0.0258,0.0,0.5,0.0,0.0,0.5
110,Black Lives Matter,lives matter black lives matter moment ,2020-10-27,0.355,0.645,0.0,0.0516,0.0,1.0,0.0,0.0,0.0
111,Black Lives Matter,fuck donald trump black lives matter ,2020-10-27,0.128,0.465,0.407,-0.5267,0.0,0.33,0.33,0.0,0.33
112,Black Lives Matter,thugs hijacked protest america private businesses destroyed looted black lives ,2020-10-27,0.0,0.606,0.394,-0.6369,0.0,1.0,0.0,0.0,0.0
113,Black Lives Matter,black lives matter much always know black lives matter much joe well wil ,2020-10-27,0.301,0.699,0.0,0.3182,0.0,0.67,0.0,0.33,0.0
114,Black Lives Matter,black lives matter domestic terror organization black lives matter domestic terror organizati ,2020-10-27,0.129,0.471,0.4,-0.765,0.0,1.0,0.0,0.0,0.0
115,Black Lives Matter,black lives matter tweet ,2020-10-27,0.268,0.732,0.0,0.0258,0.0,1.0,0.0,0.0,0.0
116,Black Lives Matter,black lives matter terrorist organization loot riot kill support nobody support ,2020-10-27,0.265,0.204,0.531,-0.8591,0.0,0.75,0.0,0.0,0.25
117,Black Lives Matter,jesus christ guy know associating marxists individuals want dismantle n ,2020-10-27,0.14,0.86,0.0,0.0772,0.0,0.0,0.0,0.0,0.0
118,Black Lives Matter,social justice black lives matter thing instead right f ,2020-10-27,0.429,0.571,0.0,0.5423,0.0,0.83,0.0,0.0,0.17
119,Black Lives Matter,mean hes technically right nobody gives fuck mexicans people locked cag ,2020-10-27,0.0,0.741,0.259,-0.5423,0.0,0.67,0.33,0.0,0.0
120,Black Lives Matter,joe biden black lives matter ,2020-10-27,0.216,0.784,0.0,0.0258,0.0,1.0,0.0,0.0,0.0
121,Black Lives Matter,scarborough school system prohibiting faculty using called controversial phrases including black lives ,2020-10-27,0.0,0.859,0.141,-0.2023,0.0,1.0,0.0,0.0,0.0
122,Black Lives Matter,voted black lives matter voted people ca stake election ,2020-10-27,0.121,0.879,0.0,0.0258,0.0,1.0,0.0,0.0,0.0
123,Black Lives Matter,black lives matter every single day every 4 years youre pandering votes ,2020-10-27,0.099,0.901,0.0,0.0258,0.0,0.5,0.5,0.0,0.0
124,Black Lives Matter,black lives matter ,2020-10-27,0.355,0.645,0.0,0.0258,0.0,1.0,0.0,0.0,0.0
125,Black Lives Matter,sterling k brown used abs persuade people vote us shines light covid 19 ,2020-10-27,0.0,0.0,0.0,0.0,0.0,0.0,0.0,1.0,0.0
126,Black Lives Matter,black lives matter ,2020-10-27,0.355,0.645,0.0,0.0258,0.0,1.0,0.0,0.0,0.0
127,Black Lives Matter,black lives matter ,2020-10-27,0.355,0.645,0.0,0.0258,0.0,1.0,0.0,0.0,0.0
128,Black Lives Matter,breaking black lives matter president afraid say joe biden ,2020-10-27,0.121,0.879,0.0,0.0258,0.0,0.5,0.0,0.0,0.5
129,Black Lives Matter,black lives matter complete sentence lets president understands supports rather pu ,2020-10-27,0.35,0.5,0.15,0.2023,0.0,0.67,0.0,0.33,0.0
130,Black Lives Matter,joe biden black lives matter president afraid say ,2020-10-27,0.136,0.864,0.0,0.0258,0.0,0.67,0.0,0.0,0.33
131,Black Lives Matter,trump wont say black lives matter condemn white supremacist says ra ,2020-10-27,0.197,0.606,0.197,-0.25,0.0,0.33,0.0,0.17,0.5
132,Black Lives Matter,wish used money black lives matter campaign amp actually put back black communities ,2020-10-27,0.257,0.743,0.0,0.4215,0.0,0.33,0.0,0.33,0.33
133,Black Lives Matter,black lives matter threatened burn country ashes terrorist group ,2020-10-27,0.074,0.405,0.52,-0.8225,0.0,0.6,0.0,0.2,0.2
134,Black Lives Matter,black lives matter ,2020-10-27,0.355,0.645,0.0,0.0258,0.0,1.0,0.0,0.0,0.0
135,Black Lives Matter,course black lives matter telling dont matter doesnt fix wrong adds gas fire ,2020-10-27,0.294,0.557,0.149,0.091,0.0,0.5,0.0,0.5,0.0
136,Black Lives Matter,burn loot murder see philly last night black lives matter anyone associated ,2020-10-27,0.07,0.633,0.297,-0.6808,0.0,0.5,0.0,0.5,0.0
137,Black Lives Matter,black lives matter criminals attack cops ,2020-10-27,0.101,0.275,0.624,-0.7717,0.0,0.5,0.0,0.5,0.0
138,Black Lives Matter,wrong covid transmission actually decreased areas protests ,2020-10-27,0.0,0.5,0.5,-0.6124,0.0,0.5,0.0,0.0,0.5
139,Black Lives Matter,black lives matter ,2020-10-27,0.355,0.645,0.0,0.0258,0.0,1.0,0.0,0.0,0.0
140,Black Lives Matter,one many examples ive experienced couldve costed job internship dont regret ,2020-10-27,0.189,0.811,0.0,0.3252,0.0,0.33,0.0,0.0,0.67
141,Black Lives Matter,months ago put black lives matter flag waited stolen still lot ,2020-10-27,0.083,0.677,0.241,-0.4767,0.0,0.2,0.0,0.4,0.4
142,Black Lives Matter,black lives matter yes organization black lives matter something celebrate ,2020-10-27,0.589,0.411,0.0,0.765,0.0,0.67,0.0,0.33,0.0
143,Black Lives Matter,yes black lives matter write 1994 crime bill locking ,2020-10-27,0.286,0.451,0.263,-0.1779,0.0,0.33,0.0,0.67,0.0
144,Black Lives Matter,theres gainsaying far reaching change required health care mental health care system ord ,2020-10-27,0.451,0.549,0.0,0.802,0.0,1.0,0.0,0.0,0.0
145,Black Lives Matter,course black lives matter blm organization support supports marxist terrorist organization ,2020-10-27,0.35,0.389,0.261,-0.1027,0.0,1.0,0.0,0.0,0.0
146,Black Lives Matter,breaking black lives matter president afraid say joe biden ,2020-10-27,0.121,0.879,0.0,0.0258,0.0,0.5,0.0,0.0,0.5
147,Black Lives Matter,yes black lives matter ,2020-10-27,0.655,0.345,0.0,0.4215,0.0,0.5,0.0,0.5,0.0
148,Black Lives Matter,black white lives matter ,2020-10-27,0.268,0.732,0.0,0.0258,0.0,1.0,0.0,0.0,0.0
149,Black Lives Matter,parade one commutation release prison prop speak african american co ,2020-10-27,0.0,0.732,0.268,-0.5106,0.0,0.5,0.0,0.5,0.0
150,Black Lives Matter,guys said every single race hispanics mexicans ect dont matter black lives matter racist asf ,2020-10-27,0.0,0.661,0.339,-0.6307,0.0,0.75,0.0,0.0,0.25
151,Black Lives Matter,2 rules held accountable retweet acceptable lives matter black white ,2020-10-27,0.327,0.673,0.0,0.34,0.0,0.75,0.25,0.0,0.0
152,Black Lives Matter,barrett confirmed black lives matter co founder alicia garza gops supreme court power grab via democracynow ,2020-10-27,0.251,0.749,0.0,0.5719,0.25,0.75,0.0,0.0,0.0
153,Black Lives Matter,lives matter black lives matter ,2020-10-27,0.423,0.577,0.0,0.0516,0.0,1.0,0.0,0.0,0.0
154,Black Lives Matter,black lives matter ,2020-10-27,0.355,0.645,0.0,0.0258,0.0,1.0,0.0,0.0,0.0
155,Black Lives Matter,black lives matter president afraid say author 94 crime bill ai ,2020-10-27,0.081,0.662,0.257,-0.5267,0.0,0.5,0.0,0.25,0.25
156,Black Lives Matter,black lives votes matter ,2020-10-27,0.268,0.732,0.0,0.0258,0.0,1.0,0.0,0.0,0.0
157,Black Lives Matter,black lives matter blm ,2020-10-27,0.268,0.732,0.0,0.0258,0.0,1.0,0.0,0.0,0.0
158,Black Lives Matter,kid points black lives matter signs sees drive around said make f ,2020-10-27,0.099,0.901,0.0,0.0258,0.0,0.43,0.14,0.14,0.29
159,Black Lives Matter,black lives matter blm communist plant wants abolish western family structure ,2020-10-27,0.099,0.901,0.0,0.0258,0.0,0.67,0.0,0.0,0.33
160,Black Lives Matter,tweet joe biden joe biden joe biden joe biden tweeted black lives matter president afraid ,2020-10-27,0.073,0.927,0.0,0.0258,0.0,1.0,0.0,0.0,0.0
161,Black Lives Matter,black lives matter start black communities black people die hands ,2020-10-27,0.085,0.615,0.3,-0.5859,0.0,1.0,0.0,0.0,0.0
162,Black Lives Matter,looks awesome pertinent classicism statue crisis age black lives matter wednesda ,2020-10-27,0.301,0.462,0.237,0.0258,0.25,0.5,0.0,0.0,0.25
163,Black Lives Matter,chaos philly shops police vehicle looted black lives matter riot fires officer police lost ,2020-10-27,0.053,0.483,0.464,-0.8591,0.0,0.75,0.0,0.25,0.0
164,Black Lives Matter,black lives matter fraud power money sure give dems lots money ,2020-10-27,0.224,0.526,0.25,-0.34,0.2,0.6,0.0,0.2,0.0
165,Black Lives Matter,reported trump said evidence said post video audio proof clearly racist ,2020-10-27,0.172,0.573,0.255,-0.3182,0.0,0.4,0.0,0.0,0.6
166,Black Lives Matter,one speak words black lives matter nothing black people ,2020-10-27,0.121,0.879,0.0,0.0258,0.33,0.67,0.0,0.0,0.0
167,Black Lives Matter,people try make sound like trump biden trump never said black lives matter never wi ,2020-10-27,0.217,0.783,0.0,0.3818,0.0,0.2,0.0,0.2,0.6
168,Black Lives Matter,black lives matter america ,2020-10-27,0.268,0.732,0.0,0.0258,0.0,1.0,0.0,0.0,0.0
169,Black Lives Matter,driver involved sept 5 incident involving black lives matter protest marchers pleaded guilty c ,2020-10-27,0.074,0.604,0.322,-0.5719,0.0,0.75,0.25,0.0,0.0
170,Black Lives Matter,black lives matter ,2020-10-27,0.355,0.645,0.0,0.0258,0.0,1.0,0.0,0.0,0.0
171,Black Lives Matter,hard condemn white supremacy arent racist black lives matter vote blue vote bide ,2020-10-27,0.315,0.457,0.228,0.1331,0.2,0.4,0.0,0.4,0.0
172,Black Lives Matter,need motherfuckers black lives still always matter daily reminder vote blue get ,2020-10-27,0.091,0.909,0.0,0.0258,0.0,0.33,0.0,0.67,0.0
173,Black Lives Matter,daughters life matter joe black tell black lives matter ,2020-10-27,0.239,0.761,0.0,0.0516,0.0,0.75,0.0,0.25,0.0
174,Black Lives Matter,murder tendency disrupt peaceful conditions people color right shot ,2020-10-27,0.215,0.47,0.315,-0.3612,0.0,0.33,0.33,0.33,0.0
175,Black Lives Matter,black lives matter good black lives matter corrosive ,2020-10-27,0.505,0.495,0.0,0.4767,0.0,0.67,0.33,0.0,0.0
176,Black Lives Matter,way trmp refuses say words black lives matter bc knows doesnt care us ,2020-10-27,0.075,0.747,0.178,-0.367,0.25,0.25,0.0,0.25,0.25
177,Black Lives Matter,common sense dictates black lives ùíâùíÇùíóùíÜ ùíïùíê matter lives matter ,2020-10-27,0.216,0.784,0.0,0.0516,0.0,1.0,0.0,0.0,0.0
178,Black Lives Matter,dont scream black lives matter cause ill take one ,2020-10-27,0.276,0.494,0.23,-0.1134,0.0,1.0,0.0,0.0,0.0
179,Black Lives Matter,lives cant matter black lives matter ,2020-10-27,0.0,0.651,0.349,-0.0382,0.0,1.0,0.0,0.0,0.0
180,Black Lives Matter,black lives really matter massacre blacks police us must stop ,2020-10-27,0.12,0.69,0.19,-0.204,0.0,0.5,0.0,0.0,0.5
181,Black Lives Matter,agree black lives matter however organization blm sham ,2020-10-27,0.375,0.625,0.0,0.3818,0.0,0.5,0.0,0.0,0.5
182,Black Lives Matter,experiencing burlington community represents experienced communities across ame ,2020-10-27,0.0,0.0,0.0,0.0,0.0,0.0,0.0,0.0,0.0
183,Black Lives Matter,biden would pack court sure would put hillary aoc outspoken athlete rupaul r ,2020-10-27,0.173,0.827,0.0,0.3182,0.0,0.67,0.0,0.33,0.0
184,Black Lives Matter,black lives matter president afraid say ,2020-10-27,0.18,0.82,0.0,0.0258,0.0,0.67,0.0,0.0,0.33
185,Black Lives Matter,black lives matter ,2020-10-27,0.355,0.645,0.0,0.0258,0.0,1.0,0.0,0.0,0.0
186,Black Lives Matter,cant find actual link bought mine heres similar one ,2020-10-27,0.0,0.0,0.0,0.0,0.0,0.0,0.0,0.0,0.0
187,Black Lives Matter,black lives matter ,2020-10-27,0.355,0.645,0.0,0.0258,0.0,1.0,0.0,0.0,0.0
188,Black Lives Matter,black lives matter ,2020-10-27,0.355,0.645,0.0,0.0258,0.0,1.0,0.0,0.0,0.0
189,Black Lives Matter,irony denouncing human rights viola ,2020-10-27,0.0,0.769,0.231,-0.0516,0.0,0.5,0.0,0.5,0.0
190,Black Lives Matter,one thing wont silent lot small businesses afraid losing customers politica ,2020-10-27,0.0,0.794,0.206,-0.3818,0.0,0.4,0.0,0.4,0.2
191,Black Lives Matter,black lives matter president afraid say ,2020-10-27,0.18,0.82,0.0,0.0258,0.0,0.67,0.0,0.0,0.33
192,Black Lives Matter,nigeria africa largest nation backs trump despite black lives matter hostility ,2020-10-27,0.0,0.581,0.419,-0.5823,0.33,0.33,0.0,0.0,0.33
193,Black Lives Matter,black lives matter anti fascism terrorism humans right protest botsforblacklives ,2020-10-27,0.069,0.375,0.556,-0.8316,0.0,1.0,0.0,0.0,0.0
194,Black Lives Matter,clearly led lower class oppressed feel though lives dont matte ,2020-10-27,0.18,0.467,0.353,-0.3818,0.0,0.0,0.0,0.67,0.33
195,Black Lives Matter,queen 55 eternal life black americans take stand naacp black lives matter red cross used obtain ,2020-10-27,0.068,0.932,0.0,0.0258,0.4,0.6,0.0,0.0,0.0
196,Black Lives Matter,barrett confirmed black lives matter co founder alicia garza gops supreme court power grab via tube ,2020-10-27,0.251,0.749,0.0,0.5719,0.2,0.8,0.0,0.0,0.0
197,Black Lives Matter,black community saying thing stop killing black people black lives matter ,2020-10-27,0.07,0.51,0.42,-0.7579,0.0,0.25,0.0,0.0,0.75
198,Black Lives Matter,exclusive trump interior hire cited white supremacist called black lives matter racist huff post ,2020-10-27,0.227,0.552,0.221,-0.4404,0.25,0.5,0.0,0.0,0.25
199,Black Lives Matter,saw black guy trump hat black lives matter face mask ,2020-10-27,0.109,0.891,0.0,0.0258,0.0,0.33,0.0,0.33,0.33
200,Black Lives Matter,black lives matter justice peace rest peace walter wallace ,2020-10-27,0.697,0.303,0.0,0.8885,0.0,1.0,0.0,0.0,0.0
201,Black Lives Matter,screaming black lives matter claiming currently ,2020-10-27,0.143,0.519,0.338,-0.3612,0.0,0.5,0.0,0.0,0.5
202,Black Lives Matter,black lives matter made mexican american beer writer rethink role craft beer ,2020-10-27,0.091,0.909,0.0,0.0258,0.0,0.5,0.0,0.5,0.0
203,Black Lives Matter,black lives matter ,2020-10-27,0.355,0.645,0.0,0.0258,0.0,1.0,0.0,0.0,0.0
204,Black Lives Matter,westboro gang traveled city black lives matter streets requested ,2020-10-27,0.121,0.879,0.0,0.0258,0.0,0.5,0.0,0.5,0.0
205,Black Lives Matter,president trump done black brown lives people 47 months 47 years yo ,2020-10-27,0.0,0.0,0.0,0.0,0.0,0.0,0.0,0.5,0.5
206,Black Lives Matter,tweet joe biden joe biden joe biden joe biden tweeted black lives matter president afraid ,2020-10-27,0.073,0.927,0.0,0.0258,0.0,1.0,0.0,0.0,0.0
207,Black Lives Matter,whole racist clan talking bout black lives dont matter ,2020-10-27,0.0,0.58,0.42,-0.6217,0.0,0.67,0.0,0.33,0.0
208,Black Lives Matter,nov 16 today brixton locked day black lives matter shut brixton nov 23 police th ,2020-10-27,0.073,0.927,0.0,0.0258,0.33,0.33,0.33,0.0,0.0
209,Black Lives Matter,definitely understand anger sadness us blacks facing injustice since beginning time ,2020-10-27,0.135,0.35,0.515,-0.8225,0.33,0.33,0.0,0.33,0.0
210,Black Lives Matter,hes speaking weekly byu devotional said black lives matter ,2020-10-27,0.32,0.68,0.0,0.3182,0.0,0.67,0.0,0.0,0.33
211,Black Lives Matter,black lives matter shirts meet maga hats gun show dionne searcey richard oppel jr via n ,2020-10-27,0.067,0.788,0.145,-0.3182,0.0,0.5,0.0,0.5,0.0
212,Black Lives Matter,seems president oaks confirmed pretty mainstream position course black lives matter rac ,2020-10-27,0.301,0.699,0.0,0.5106,0.0,0.5,0.25,0.25,0.0
213,Black Lives Matter,lives cant matter black lives matter ,2020-10-27,0.0,0.651,0.349,-0.0382,0.0,1.0,0.0,0.0,0.0
214,Black Lives Matter,love name drop black lives matter damn ads let damn people go ,2020-10-27,0.268,0.354,0.379,-0.296,0.0,0.33,0.33,0.33,0.0
215,Black Lives Matter,black lives matter anti fascism terrorism humans right protest botsforblacklives ,2020-10-27,0.069,0.375,0.556,-0.8316,0.0,1.0,0.0,0.0,0.0
216,Black Lives Matter,black lives really matter killing allowing killing black babies every day babies ,2020-10-27,0.071,0.456,0.474,-0.8739,0.0,0.2,0.2,0.0,0.6
217,Black Lives Matter,ah yes last square 2020 bingo board elder oaks proclaiming black lives matter mentioning mar ,2020-10-27,0.226,0.774,0.0,0.4215,0.0,0.4,0.0,0.2,0.4
218,Black Lives Matter,name juls cops bastards black lives matter im actually sheher nice try th ,2020-10-27,0.218,0.559,0.223,-0.2732,0.0,0.25,0.25,0.25,0.25
219,Black Lives Matter,white people need wake realize black lives matter repent fix issues ,2020-10-27,0.099,0.901,0.0,0.0258,0.0,1.0,0.0,0.0,0.0
220,Black Lives Matter,even bother wasting time anyone says lives matter understand n ,2020-10-27,0.09,0.492,0.418,-0.6124,0.0,0.5,0.0,0.0,0.5
221,Black Lives Matter,black lives matter real issue help signing petitions spreading word maybe ,2020-10-27,0.297,0.703,0.0,0.4215,0.17,0.5,0.0,0.17,0.17
222,Black Lives Matter,nigeria africa largest nation backs trump see facade ,2020-10-27,0.0,0.854,0.146,-0.0516,0.0,0.0,0.0,0.0,1.0
223,Black Lives Matter,black lives matter issued statement today saying fundamentally racist cop returns fire j ,2020-10-27,0.067,0.545,0.388,-0.743,0.0,0.5,0.0,0.0,0.5
224,Black Lives Matter,cherry picking crazy clearly stating fac ,2020-10-27,0.297,0.44,0.264,0.0772,0.0,0.5,0.0,0.5,0.0
225,Black Lives Matter,today president oaks said course black lives matter eternal truth reasonable people sup ,2020-10-27,0.236,0.764,0.0,0.34,0.0,0.5,0.0,0.0,0.5
226,Black Lives Matter,course black lives matter theres question one disagrees clearly blacks oppor ,2020-10-27,0.27,0.567,0.163,0.128,0.0,1.0,0.0,0.0,0.0
227,Black Lives Matter,carol w black lives matter gbdtynfty ,2020-10-27,0.216,0.784,0.0,0.0258,0.0,1.0,0.0,0.0,0.0
228,Black Lives Matter,says black lives matter must apologize black people refused rent apar ,2020-10-27,0.197,0.63,0.173,-0.1779,0.0,0.25,0.0,0.5,0.25
229,Black Lives Matter,black lives matter says landlord rights landlords blm ,2020-10-27,0.136,0.864,0.0,0.0258,0.0,0.67,0.0,0.0,0.33
230,Black Lives Matter,black lives matter ,2020-10-27,0.355,0.645,0.0,0.0258,0.0,1.0,0.0,0.0,0.0
231,Black Lives Matter,nigerian support black lives matter blm100 support trump pro christian stand obam ,2020-10-27,0.419,0.581,0.0,0.6705,0.0,0.67,0.0,0.0,0.33
232,Black Lives Matter,clever black lives matter black lives matter blm folks think one yet ,2020-10-27,0.366,0.634,0.0,0.4939,0.0,0.67,0.0,0.0,0.33
233,Black Lives Matter,love president oaks gave powerful message byu studentsstafffaculty byu tuesday ca wait liste ,2020-10-27,0.389,0.611,0.0,0.7906,0.0,0.33,0.33,0.0,0.33
234,Black Lives Matter,goldman sachs foundation president asahi pompey black lives matter hope false dawn via yahoo ,2020-10-27,0.25,0.75,0.0,0.4588,0.0,1.0,0.0,0.0,0.0
235,Black Lives Matter,black lives matter never speak speak black lives matter ,2020-10-27,0.239,0.761,0.0,0.0516,0.0,1.0,0.0,0.0,0.0
236,Black Lives Matter,wonder amy comey barratt tell black son daughter george floyd roe vs wade policing ,2020-10-27,0.0,0.0,0.0,0.0,0.0,0.0,0.0,0.5,0.5
237,Black Lives Matter,barack obama president black lives matter first started anythin ,2020-10-27,0.121,0.879,0.0,0.0258,0.0,0.5,0.0,0.0,0.5
238,Black Lives Matter,black lives matter ,2020-10-27,0.355,0.645,0.0,0.0258,0.0,1.0,0.0,0.0,0.0
239,Black Lives Matter,absolute rage black lives matter ,2020-10-27,0.143,0.39,0.468,-0.5423,0.0,1.0,0.0,0.0,0.0
240,Black Lives Matter,black lives matter ,2020-10-27,0.355,0.645,0.0,0.0258,0.0,1.0,0.0,0.0,0.0
241,Black Lives Matter,call terrorist black lives matter memoir patrisse khan cullors asha bandele ,2020-10-27,0.074,0.608,0.318,-0.6808,0.0,1.0,0.0,0.0,0.0
242,Black Lives Matter,black lives still matter ,2020-10-27,0.268,0.732,0.0,0.0258,0.0,1.0,0.0,0.0,0.0
243,Black Lives Matter,black lives matter antifa terrorist groups ,2020-10-27,0.112,0.408,0.48,-0.6808,0.0,0.67,0.0,0.0,0.33
244,Black Lives Matter,donald wont acknowledge black lives matter movement amp falsely call hate group ga ,2020-10-27,0.07,0.696,0.234,-0.5574,0.0,0.33,0.0,0.33,0.33
245,Black Lives Matter,lives matter joe elites like meth head kid would lo ,2020-10-27,0.31,0.69,0.0,0.3818,0.2,0.6,0.2,0.0,0.0
246,Black Lives Matter,black lives need matter black people urban communities black people disproportionately vict ,2020-10-27,0.091,0.909,0.0,0.0258,0.0,1.0,0.0,0.0,0.0
247,Black Lives Matter,biden supporters people believe black lives matte ,2020-10-27,0.326,0.674,0.0,0.4404,0.0,0.0,0.0,0.0,0.0
248,Black Lives Matter,reason gop doesnt support blm isnt racism lives matter vote vote blue ,2020-10-27,0.211,0.576,0.213,0.2411,0.0,0.33,0.0,0.67,0.0
249,Black Lives Matter,coward joe biden talking david dorn joe murdered trying protect friends busines ,2020-10-27,0.27,0.379,0.351,-0.4019,0.0,0.0,1.0,0.0,0.0
250,Black Lives Matter,barrett confirmed black lives matter co founder alicia garza gops supreme court power grab democracy ,2020-10-27,0.266,0.734,0.0,0.5719,0.25,0.75,0.0,0.0,0.0
251,Black Lives Matter,oh dear colleague said believes lives matter think time call day im tired ,2020-10-27,0.223,0.602,0.175,-0.0516,0.0,0.2,0.2,0.0,0.6
252,Black Lives Matter,oohh generic tweet doesnt even mention black lives matter congrats avenged hero ,2020-10-27,0.474,0.526,0.0,0.7964,0.0,1.0,0.0,0.0,0.0
253,Black Lives Matter,say go black lives matter amaud marberry 9 minutes mans ne ,2020-10-27,0.109,0.891,0.0,0.0258,0.0,0.33,0.0,0.0,0.67
254,Black Lives Matter,noblack lives matterthen jewish lives matter ,2020-10-27,0.18,0.82,0.0,0.0258,0.0,1.0,0.0,0.0,0.0
255,Black Lives Matter,obviously wouldnt understand ideal black lives matter also white people k ,2020-10-27,0.093,0.674,0.234,-0.3971,0.0,1.0,0.0,0.0,0.0
256,Black Lives Matter,former navy officer rails black lives matter via tube ,2020-10-27,0.121,0.879,0.0,0.0258,0.33,0.67,0.0,0.0,0.0
257,Black Lives Matter,civilians say black lives matter demand politicians affirm action politician ,2020-10-27,0.104,0.755,0.142,-0.1027,0.0,0.67,0.0,0.0,0.33
258,Black Lives Matter,unfortunately already making excuses like well yes black lives ,2020-10-27,0.497,0.34,0.163,0.5994,0.0,0.0,0.0,1.0,0.0
259,Black Lives Matter,lives cant matter black lives denying systemic racism country sadly racism ,2020-10-27,0.0,0.293,0.707,-0.9256,0.0,1.0,0.0,0.0,0.0
260,Black Lives Matter,lives matter really cemented many non black white people th ,2020-10-27,0.109,0.891,0.0,0.0258,0.0,0.67,0.0,0.0,0.33
261,Black Lives Matter,black lives matter get racial justice goal willing fight vote fo ,2020-10-27,0.298,0.53,0.172,0.2263,0.0,0.67,0.0,0.33,0.0
262,Black Lives Matter,president said today udevo black lives matter universally accepted message con ,2020-10-27,0.262,0.738,0.0,0.296,0.0,0.5,0.0,0.0,0.5
263,Black Lives Matter,know yall probably impressed white people saying black lives matter republican say wo ,2020-10-27,0.276,0.724,0.0,0.4939,0.0,0.5,0.17,0.0,0.33
264,Black Lives Matter,haha im white working class married black middle class woman ,2020-10-27,0.25,0.75,0.0,0.4588,0.0,0.5,0.0,0.0,0.5
265,Black Lives Matter,harry kane refusal publicly comment black lives matter support black teammates england nation ,2020-10-27,0.257,0.743,0.0,0.4215,0.0,1.0,0.0,0.0,0.0
266,Black Lives Matter,another disgraceful act legal murder defunding areas pd eliminating pd putting monies towards de escala ,2020-10-27,0.078,0.677,0.245,-0.6369,0.0,0.0,0.0,1.0,0.0
267,Black Lives Matter,black lives matter laudable statement everyone agree blm group deserve plen ,2020-10-27,0.286,0.714,0.0,0.3818,0.0,0.33,0.33,0.0,0.33
268,Black Lives Matter,huge statement biden doubt aligns black lives matter goals ,2020-10-27,0.286,0.504,0.21,-0.0258,0.0,1.0,0.0,0.0,0.0
269,Black Lives Matter,black lives matter ,2020-10-27,0.355,0.645,0.0,0.0258,0.0,1.0,0.0,0.0,0.0
270,Black Lives Matter,way go ceded program republican disinformation lies lied twice program w ,2020-10-27,0.0,0.597,0.403,-0.6597,0.0,0.0,0.0,0.0,0.0
271,Black Lives Matter,make sure check article slj summit conversation president erika long ,2020-10-27,0.204,0.796,0.0,0.3182,0.0,0.67,0.0,0.33,0.0
272,Black Lives Matter,black lives matter ,2020-10-27,0.355,0.645,0.0,0.0258,0.0,1.0,0.0,0.0,0.0
273,Black Lives Matter,donald wont acknowledge black lives matter movement amp falsely call hate group ,2020-10-27,0.074,0.676,0.25,-0.5574,0.0,0.33,0.0,0.33,0.33
274,Black Lives Matter,watch black lives matter terrorists attack police citizens voters philly ,2020-10-27,0.072,0.458,0.471,-0.7964,0.0,0.67,0.0,0.0,0.33
275,Black Lives Matter,lives matter real thing would protesters march wit ,2020-10-27,0.122,0.667,0.211,-0.2023,0.0,0.4,0.0,0.2,0.4
276,Black Lives Matter,police murder innocent people bc color skinlt3 black lives always matter honey ,2020-10-27,0.203,0.523,0.273,-0.4939,0.0,0.25,0.0,0.75,0.0
277,Black Lives Matter,thats racist statement lives matter saying black lives said ,2020-10-27,0.091,0.579,0.331,-0.5994,0.0,0.33,0.0,0.0,0.67
278,Black Lives Matter,black lives matter anti fascism terrorism humans right protest botsforblacklives ,2020-10-27,0.069,0.375,0.556,-0.8316,0.0,1.0,0.0,0.0,0.0
279,Black Lives Matter,donald wont acknowledge black lives matter movement amp falsely call hate group g ,2020-10-27,0.074,0.676,0.25,-0.5574,0.0,0.33,0.0,0.33,0.33
280,Black Lives Matter,would like harry kane spoke black lives matter say hell would agree ,2020-10-27,0.326,0.428,0.246,-0.128,0.0,0.83,0.0,0.0,0.17
281,Black Lives Matter,never think going happen backyard need put stop black brother ,2020-10-27,0.0,0.804,0.196,-0.296,0.0,0.25,0.0,0.25,0.5
282,Black Lives Matter,uk blm affiliate behind attempt use name political party ,2020-10-27,0.252,0.748,0.0,0.4019,0.0,0.0,0.0,1.0,0.0
283,Black Lives Matter,black lives matter tore philadelphia last night black guy tried stab cop got shot fuck em vote trump ,2020-10-27,0.047,0.641,0.312,-0.802,0.0,0.25,0.25,0.25,0.25
284,Black Lives Matter,establishment couldnt control bernie sanders theyve given us joe biden doesnt stand things ,2020-10-27,0.0,0.0,0.0,0.0,0.0,0.67,0.0,0.0,0.33
285,Black Lives Matter,course black lives matter eternal truth reasonable people ,2020-10-27,0.362,0.638,0.0,0.34,0.0,1.0,0.0,0.0,0.0
286,Black Lives Matter,vote biden harris black lives matter ,2020-10-27,0.18,0.82,0.0,0.0258,0.0,1.0,0.0,0.0,0.0
287,Black Lives Matter,black lives still matter ,2020-10-27,0.268,0.732,0.0,0.0258,0.0,1.0,0.0,0.0,0.0
288,Black Lives Matter,black brown folks literal fighting lives matter time entir ,2020-10-27,0.104,0.66,0.236,-0.34,0.0,0.33,0.0,0.67,0.0
289,Black Lives Matter,breaking driver runs police officer philly black lives matter riot video via ,2020-10-27,0.075,0.68,0.245,-0.5423,0.0,0.67,0.0,0.0,0.33
290,Black Lives Matter,say black lives matter bare minimum show black lives matter abolish racist institutions like police precisely ,2020-10-27,0.227,0.58,0.193,-0.3182,0.0,0.75,0.0,0.0,0.25
291,Black Lives Matter,literally opinion piece alternatives black lives matter dont use ,2020-10-27,0.121,0.879,0.0,0.0258,0.0,1.0,0.0,0.0,0.0
292,Black Lives Matter,afraid weak say black lives matter ,2020-10-27,0.138,0.5,0.362,-0.4215,0.0,0.5,0.0,0.25,0.25
293,Black Lives Matter,lives matter black oppressed ethnic groups matter blm ,2020-10-27,0.214,0.485,0.301,-0.4404,0.0,0.5,0.0,0.25,0.25
294,Black Lives Matter,black lives matter universally accepted message latter day saint leader tells byu audience ,2020-10-27,0.225,0.775,0.0,0.296,0.0,0.33,0.33,0.33,0.0
295,Black Lives Matter,harris also praised brilliance impact black lives matter received media prai ,2020-10-27,0.506,0.494,0.0,0.802,0.33,0.33,0.0,0.0,0.33
296,Black Lives Matter,also get question black lives matter ,2020-10-27,0.18,0.82,0.0,0.0258,0.0,1.0,0.0,0.0,0.0
297,Black Lives Matter,joe lives matter including black blue red yellow green matter standing marxist group blm ,2020-10-27,0.155,0.845,0.0,0.0516,0.14,0.57,0.0,0.14,0.14
298,Black Lives Matter,black lives matter lives dont matter black lives matter ,2020-10-27,0.355,0.645,0.0,0.0772,0.0,1.0,0.0,0.0,0.0
299,Black Lives Matter,djt racist black lives matter marxist organization contributes millions democrat campaigns ,2020-10-27,0.078,0.638,0.284,-0.5994,0.0,1.0,0.0,0.0,0.0
300,Black Lives Matter,vimeo censored video showing connection chinese communist party black lives matter ,2020-10-27,0.284,0.597,0.119,0.296,0.0,1.0,0.0,0.0,0.0
301,Black Lives Matter,conspiracy becoz way amp timing happened munger one day phase ,2020-10-27,0.0,0.726,0.274,-0.5267,0.0,0.0,1.0,0.0,0.0
302,Black Lives Matter,need censored actually want know type human children need ,2020-10-27,0.131,0.707,0.162,-0.0772,0.0,0.67,0.0,0.0,0.33
303,Black Lives Matter,black lives matter ,2020-10-27,0.355,0.645,0.0,0.0258,0.0,1.0,0.0,0.0,0.0
304,Black Lives Matter,black lives matter laughing loud ,2020-10-27,0.589,0.411,0.0,0.5106,0.0,1.0,0.0,0.0,0.0
305,Black Lives Matter,police need stop murdering black people 1 black lives matter property 2 ,2020-10-27,0.075,0.479,0.445,-0.7506,0.0,1.0,0.0,0.0,0.0
306,Black Lives Matter,im saying insanely bad im saying slavery ages 100 ,2020-10-27,0.0,0.458,0.542,-0.8519,0.25,0.0,0.0,0.25,0.5
307,Black Lives Matter,leaked messages reveal white extremist group secrets employed democrats stir racial hatredb ,2020-10-27,0.0,0.827,0.173,-0.3182,0.0,0.2,0.0,0.2,0.6
308,Black Lives Matter,black lives still fucking matter ,2020-10-27,0.258,0.742,0.0,0.101,0.0,0.5,0.5,0.0,0.0
309,Black Lives Matter,course black lives matter eternal truth reasonable people support oaks dallin h ,2020-10-27,0.433,0.567,0.0,0.6249,0.0,1.0,0.0,0.0,0.0
310,Black Lives Matter,black lives matter ,2020-10-27,0.355,0.645,0.0,0.0258,0.0,1.0,0.0,0.0,0.0
311,Black Lives Matter,ok going make fucking clear cops hero kill innocent black people wonder fuc ,2020-10-27,0.472,0.333,0.195,0.6865,0.0,0.14,0.14,0.43,0.29
312,Black Lives Matter,cant say black lives matter really old ultra bigoted actively anti lgbtq white man said ,2020-10-27,0.192,0.678,0.13,0.0258,0.0,0.4,0.0,0.0,0.6
313,Black Lives Matter,yes lives matter black ones danger th ,2020-10-27,0.339,0.357,0.304,-0.1531,0.0,0.75,0.0,0.25,0.0
314,Black Lives Matter,youre gonna speak unblock say white lives dont matter anything close ,2020-10-27,0.0,0.903,0.097,-0.0191,0.0,0.6,0.2,0.0,0.2
315,Black Lives Matter,built alt rightidw audience started jiujitsu podcast right leaning fan base th ,2020-10-27,0.173,0.827,0.0,0.3182,0.0,0.67,0.0,0.33,0.0
316,Black Lives Matter,hes done much black people first exactly done second lets ta ,2020-10-27,0.0,0.0,0.0,0.0,0.0,0.0,0.0,0.5,0.5
317,Black Lives Matter,3 trump racist xenophobe unaware growing black lives matter movement clearly w ,2020-10-27,0.337,0.307,0.356,-0.3182,0.0,0.5,0.0,0.0,0.5
318,Black Lives Matter,residents wisconsin town near kenosha uproar teacher racism lesson via nbcnews ,2020-10-27,0.0,0.709,0.291,-0.6249,0.0,0.0,0.0,1.0,0.0
319,Black Lives Matter,blm funding laughably stupid ,2020-10-27,0.289,0.263,0.447,-0.296,0.0,1.0,0.0,0.0,0.0
320,Black Lives Matter,blm black lives matter biden laptops matter ,2020-10-27,0.306,0.694,0.0,0.0516,0.0,1.0,0.0,0.0,0.0
321,Black Lives Matter,guys pushing back hard black lives matter point dehumanize whol ,2020-10-27,0.089,0.569,0.341,-0.4767,0.25,0.5,0.0,0.0,0.25
322,Black Lives Matter,black lives matter ,2020-10-27,0.355,0.645,0.0,0.0258,0.0,1.0,0.0,0.0,0.0
323,Black Lives Matter,riot streets 100 days go restaurants ,2020-10-27,0.0,0.581,0.419,-0.5574,0.0,0.33,0.33,0.33,0.0
324,Black Lives Matter,hurting please pray family west philly protestors arrested wont active several day ,2020-10-27,0.234,0.356,0.41,-0.5358,0.0,0.2,0.2,0.4,0.2
325,Black Lives Matter,hoax dumbass lady wearing mask began laughing screamed oh yeah im stupid huh fuck ,2020-10-27,0.198,0.256,0.546,-0.8591,0.0,0.0,0.33,0.33,0.33
326,Black Lives Matter,lives matter till black lives matter thats theory ,2020-10-27,0.268,0.732,0.0,0.0516,0.0,1.0,0.0,0.0,0.0
327,Black Lives Matter,,2020-10-27,0.0,0.0,0.0,0.0,0.0,0.0,0.0,0.0,0.0
328,Black Lives Matter,dont understand controversial statement black lives matter ,2020-10-27,0.35,0.65,0.0,0.1759,0.0,1.0,0.0,0.0,0.0
329,Black Lives Matter,blacks getting killed also treated like shit coun ,2020-10-27,0.16,0.321,0.519,-0.765,0.0,0.0,0.0,0.0,1.0
330,Black Lives Matter,black lives matter belong lgbtq community dont matter black lives ,2020-10-27,0.216,0.784,0.0,0.0516,0.0,0.67,0.33,0.0,0.0
331,Black Lives Matter,harris also praised brilliance impact black lives matter received media prai ,2020-10-27,0.506,0.494,0.0,0.802,0.33,0.33,0.0,0.0,0.33
332,Black Lives Matter,black lives matter anti fascism terrorism humans right protest botsforblacklives ,2020-10-27,0.069,0.375,0.556,-0.8316,0.0,1.0,0.0,0.0,0.0
333,Black Lives Matter,black lives matter anti fascism terrorism humans right protest botsforblacklives ,2020-10-27,0.069,0.375,0.556,-0.8316,0.0,1.0,0.0,0.0,0.0
334,Black Lives Matter,sii parece black lives matter ,2020-10-27,0.216,0.784,0.0,0.0258,0.0,1.0,0.0,0.0,0.0
335,Black Lives Matter,riot backlash ignorant kamala harris slammed praising essential blm protests days cop ,2020-10-27,0.183,0.419,0.398,-0.4767,0.0,0.5,0.5,0.0,0.0
336,Black Lives Matter,saying black lives matter walter wallace walter wallace jr say name ,2020-10-27,0.099,0.901,0.0,0.0258,0.0,0.33,0.0,0.0,0.67
337,Black Lives Matter,call peaceful protest philadelphia president ,2020-10-27,0.39,0.366,0.244,0.296,0.0,0.0,1.0,0.0,0.0
338,Black Lives Matter,black lives matter ,2020-10-27,0.355,0.645,0.0,0.0258,0.0,1.0,0.0,0.0,0.0
339,Black Lives Matter,stevie says black lives still matter even feed back normal blm black lives matter feminism ,2020-10-27,0.145,0.855,0.0,0.0516,0.0,0.67,0.0,0.0,0.33
340,Black Lives Matter,alicia garza black lives matter co founder targeted armed white supremacist plot trump stokes fire ,2020-10-27,0.153,0.706,0.141,-0.2023,0.0,0.6,0.0,0.2,0.2
341,Black Lives Matter,condemn proud boys say black lives matter cant racist ,2020-10-27,0.494,0.333,0.173,0.5886,0.0,0.25,0.25,0.25,0.25
342,Black Lives Matter,vice presidential nominee kamala harris come criticism saying protests rac ,2020-10-27,0.0,0.625,0.375,-0.5859,0.0,0.0,0.0,0.0,1.0
343,Black Lives Matter,thats believe youre literally misrepresenting said forge ,2020-10-27,0.0,0.0,0.0,0.0,0.0,0.0,0.0,0.0,1.0
344,Black Lives Matter,black lives matter kim ,2020-10-27,0.268,0.732,0.0,0.0258,0.0,1.0,0.0,0.0,0.0
345,Black Lives Matter,violence philly shops police vehicle looted black lives matter riot videos via tatum_report247 ,2020-10-27,0.059,0.532,0.41,-0.8225,0.0,1.0,0.0,0.0,0.0
346,Black Lives Matter,nov 16 today brixton locked day black lives matter shut brixton nov 23 police ,2020-10-27,0.078,0.922,0.0,0.0258,0.33,0.33,0.33,0.0,0.0
347,Black Lives Matter,black lives matterwait millions murdered every year ,2020-10-27,0.0,0.577,0.423,-0.6597,0.0,0.0,0.0,0.0,0.0
348,Black Lives Matter,look stupid thinking huh stupid wondered ,2020-10-27,0.0,0.37,0.63,-0.7783,0.0,0.0,0.0,0.0,1.0
349,Black Lives Matter,coping see black lives matter supporting latter day saints thril ,2020-10-27,0.333,0.667,0.0,0.4588,0.0,0.5,0.5,0.0,0.0
350,Black Lives Matter,yepp indeed transphobe one would supporting respecting ,2020-10-27,0.55,0.45,0.0,0.7269,0.0,0.5,0.5,0.0,0.0
351,Black Lives Matter,prince harry told get back uk stop lecturing million pound mansion ,2020-10-27,0.0,0.82,0.18,-0.296,0.0,0.67,0.0,0.33,0.0
352,Black Lives Matter,reminder black lives matter hoe ,2020-10-27,0.216,0.784,0.0,0.0258,0.0,1.0,0.0,0.0,0.0
353,Black Lives Matter,say black liberation movement joe black lives matter yesterday ,2020-10-27,0.121,0.879,0.0,0.0258,0.0,0.5,0.0,0.0,0.5
354,Black Lives Matter,never said black lives matter principle every life matter black lives dont ,2020-10-27,0.18,0.82,0.0,0.0516,0.0,0.8,0.0,0.0,0.2
355,Black Lives Matter,ever tell best friends george wallace robert kk byrd black lives matter ,2020-10-27,0.577,0.423,0.0,0.872,0.0,0.2,0.2,0.2,0.4
356,Black Lives Matter,whatever dream make passion protect every time somebody tells let ,2020-10-27,0.521,0.479,0.0,0.765,0.2,0.0,0.2,0.6,0.0
357,Black Lives Matter,idk many american followers wanted say vote blue please believe lgbtq ppl deserve ri ,2020-10-27,0.146,0.764,0.089,0.2263,0.0,0.0,0.0,0.67,0.33
358,Black Lives Matter,racist think police problem ,2020-10-27,0.0,0.23,0.77,-0.7717,0.0,0.5,0.0,0.0,0.5
359,Black Lives Matter,trumps america vote blue neo nazi ex marine porn actor arrested conspiracy hide weapons government ,2020-10-27,0.0,0.498,0.502,-0.8779,0.25,0.0,0.0,0.25,0.5
360,Black Lives Matter,cj pearson black votes lives matter democrats yellowhammer news yellowhammer news ,2020-10-27,0.099,0.901,0.0,0.0258,0.0,1.0,0.0,0.0,0.0
361,Black Lives Matter,pres oaks saying black lives matter eternal truth dont want see another lives matter blue lives ,2020-10-27,0.254,0.677,0.069,0.3134,0.0,0.5,0.0,0.25,0.25
362,Black Lives Matter,suggested organizations links article links ,2020-10-27,0.0,0.0,0.0,0.0,0.0,0.0,0.0,0.0,0.0
363,Black Lives Matter,uhh sir dont think realize debate ,2020-10-27,0.0,0.0,0.0,0.0,0.0,0.0,0.0,0.0,1.0
364,Black Lives Matter,pen pod talks combating disinformation election ongoing threat anti black liv ,2020-10-27,0.0,0.612,0.388,-0.6908,0.0,1.0,0.0,0.0,0.0
365,Black Lives Matter,let reintroduce name allie want super clear say support trump ,2020-10-27,0.636,0.364,0.0,0.8591,0.0,0.0,0.0,0.5,0.5
366,Black Lives Matter,uk member parliament destroys black lives matter via tube ,2020-10-27,0.094,0.598,0.308,-0.5423,0.0,1.0,0.0,0.0,0.0
367,Black Lives Matter,wow america watch black lives matter say black livers matter looters e ,2020-10-27,0.429,0.571,0.0,0.6124,0.0,0.4,0.0,0.0,0.6
368,Black Lives Matter,black lives matter build back better let get adults white house vote early biden harris2020 ,2020-10-27,0.235,0.765,0.0,0.4588,0.0,0.6,0.0,0.2,0.2
369,Black Lives Matter,one talented safeties yet nfl forward thinking bla ,2020-10-27,0.492,0.508,0.0,0.7003,0.0,0.5,0.0,0.0,0.5
370,Black Lives Matter,black lives matter created amp 2 women ,2020-10-27,0.437,0.563,0.0,0.2732,0.0,1.0,0.0,0.0,0.0
371,Black Lives Matter,lasting legacy blm courageous patient voters line hours descendants wh ,2020-10-27,0.274,0.726,0.0,0.5267,0.0,1.0,0.0,0.0,0.0
372,Black Lives Matter,black lives matter anti fascism terrorism humans right protest botsforblacklives ,2020-10-27,0.069,0.375,0.556,-0.8316,0.0,1.0,0.0,0.0,0.0
373,Black Lives Matter,black lives matter anti fascism terrorism humans right protest botsforblacklives ,2020-10-27,0.069,0.375,0.556,-0.8316,0.0,1.0,0.0,0.0,0.0
374,Black Lives Matter,okay fascinating though hes saying abolishing police appropriate advocate f ,2020-10-27,0.435,0.565,0.0,0.6597,0.0,0.0,0.33,0.33,0.33
375,Black Lives Matter,wish gf black lives matter fucking bio ,2020-10-27,0.432,0.568,0.0,0.4215,0.0,0.5,0.5,0.0,0.0
376,Black Lives Matter,must forgetting black lives matter blm fans ,2020-10-27,0.155,0.845,0.0,0.0258,0.5,0.5,0.0,0.0,0.0
377,Black Lives Matter,human lives matter want force people say racist divisive slogan dont care p ,2020-10-27,0.141,0.47,0.389,-0.7374,0.0,0.75,0.0,0.0,0.25
378,Black Lives Matter,president barack obama said today black lives matter less lives ,2020-10-27,0.109,0.891,0.0,0.0258,0.0,0.5,0.0,0.0,0.5
379,Black Lives Matter,many gary bring ballots others also black lives matter rally blk men ,2020-10-27,0.091,0.909,0.0,0.0258,0.0,0.67,0.0,0.33,0.0
380,Black Lives Matter,daily news walter wallace jr would still alive white man solomon jones ,2020-10-27,0.191,0.809,0.0,0.3818,0.0,1.0,0.0,0.0,0.0
381,Black Lives Matter,picture jacksonville florida ridiculously humid day woman front wearin ,2020-10-27,0.0,0.769,0.231,-0.34,0.0,0.0,0.5,0.0,0.5
382,Black Lives Matter,bruh nobody said black lives matter lives matter black lives dont ,2020-10-27,0.196,0.804,0.0,0.0516,0.0,0.67,0.0,0.0,0.33
383,Black Lives Matter,want president cares everyone dont want hear leader excusing racism people decent ,2020-10-27,0.316,0.452,0.232,-0.128,0.0,0.0,0.0,0.67,0.33
384,Black Lives Matter,black lives matter lives asian lives hispanish lives caucasian lives matter ,2020-10-27,0.196,0.804,0.0,0.0516,0.0,1.0,0.0,0.0,0.0
385,Black Lives Matter,biden harris2020 voted today please go use voice little power vote hate ,2020-10-27,0.146,0.635,0.218,-0.2815,0.25,0.25,0.0,0.5,0.0
386,Black Lives Matter,donald trump cant say black lives matter trump known racist hates black people trump also hates ,2020-10-27,0.048,0.524,0.428,-0.8658,0.0,0.14,0.0,0.29,0.57
387,Black Lives Matter,article peak blm support june last saw support f ,2020-10-27,0.474,0.526,0.0,0.6597,0.0,0.0,0.0,0.0,0.0
388,Black Lives Matter,justice walter wallace jr wallace husband father son much black lives valuable ,2020-10-27,0.394,0.606,0.0,0.7579,0.0,1.0,0.0,0.0,0.0
389,Black Lives Matter,black lives matter chicago ,2020-10-27,0.268,0.732,0.0,0.0258,0.0,1.0,0.0,0.0,0.0
390,Black Lives Matter,antifa organization leaders headquarters center ,2020-10-27,0.0,0.0,0.0,0.0,0.0,0.0,0.0,0.0,0.0
391,Black Lives Matter,black black lives matter think blm dumb ,2020-10-27,0.117,0.532,0.351,-0.4939,0.0,0.5,0.0,0.0,0.5
392,Black Lives Matter,things debate contraception healthcare abortion healthcare lgbtqia rights civil rights ,2020-10-27,0.0,0.0,0.0,0.0,0.0,0.67,0.0,0.0,0.33
393,Black Lives Matter,assholes agree mantra black lives matter 100 agree organization ,2020-10-27,0.409,0.336,0.255,0.0772,0.0,1.0,0.0,0.0,0.0
394,Black Lives Matter,wednesday 7pm pt journalist discuss black lives matter ,2020-10-27,0.136,0.864,0.0,0.0258,0.0,1.0,0.0,0.0,0.0
395,Black Lives Matter,dear god help us let monster wh breonna taylor bed warrant cops ,2020-10-27,0.451,0.549,0.0,0.7506,0.0,0.0,0.0,0.25,0.75
396,Black Lives Matter,looking buy black lives matter mask want buy black owned small business suggestions ,2020-10-27,0.179,0.821,0.0,0.1027,0.0,0.67,0.0,0.33,0.0
397,Black Lives Matter,joe biden believes black lives matter joe biden believes love love joe biden believes womans ,2020-10-27,0.442,0.558,0.0,0.8591,0.0,0.33,0.67,0.0,0.0
398,Black Lives Matter,black lives matter ,2020-10-27,0.355,0.645,0.0,0.0258,0.0,1.0,0.0,0.0,0.0
399,Black Lives Matter,throwback time someone used excuse black lives matter get voted among us lmfao hate public lobbies ,2020-10-27,0.273,0.556,0.171,0.0516,0.0,0.33,0.0,0.67,0.0
400,Black Lives Matter,lives matter uproar white australian woman justine damond ru ,2020-10-27,0.121,0.879,0.0,0.0258,0.0,0.67,0.0,0.33,0.0
401,Black Lives Matter,12 could never support black lives matter organization marxist want defund polic ,2020-10-27,0.176,0.659,0.165,-0.2163,0.0,1.0,0.0,0.0,0.0
402,Black Lives Matter,umm trump says black lives matter racist doesnt support blm thinks sav ,2020-10-27,0.067,0.55,0.383,-0.7317,0.0,0.25,0.0,0.0,0.75
403,Black Lives Matter,biden put black people prison kk republican ever committed geno ,2020-10-27,0.309,0.47,0.221,0.0772,0.0,0.33,0.0,0.33,0.33
404,Black Lives Matter,hey let root weeds cause right pissed black lives matter queer af art ,2020-10-27,0.067,0.675,0.258,-0.6249,0.12,0.5,0.0,0.25,0.12
405,Black Lives Matter,black lives still matter didnt stop feed went back normal ,2020-10-27,0.272,0.728,0.0,0.2472,0.0,1.0,0.0,0.0,0.0
406,Black Lives Matter,black lives never matter police dont respect us black ppl dont even respect selves ,2020-10-27,0.0,0.64,0.36,-0.6348,0.0,0.5,0.5,0.0,0.0
407,Black Lives Matter,everyone cant matter black lives matter semi special ed wouldnt realize ,2020-10-27,0.21,0.623,0.167,0.372,0.0,0.67,0.0,0.0,0.33
408,Black Lives Matter,black lives matter ,2020-10-27,0.355,0.645,0.0,0.0258,0.0,1.0,0.0,0.0,0.0
409,Black Lives Matter,black lives matter ,2020-10-27,0.355,0.645,0.0,0.0258,0.0,1.0,0.0,0.0,0.0
410,Black Lives Matter,going get justice black cops killed lives matter ,2020-10-27,0.321,0.357,0.321,-0.25,0.0,0.75,0.0,0.0,0.25
411,Black Lives Matter,trumpo penn rally says residents ca go church liar ,2020-10-27,0.0,0.708,0.292,-0.5106,0.0,0.33,0.0,0.0,0.67
412,Black Lives Matter,truly said like someone black lives matter bad bio ,2020-10-27,0.433,0.333,0.233,0.25,0.0,0.33,0.0,0.33,0.33
413,Black Lives Matter,africa 5 times ancestors africa know history seen 1 ,2020-10-27,0.0,0.0,0.0,0.0,0.0,1.0,0.0,0.0,0.0
414,Black Lives Matter,saying justice aim black lives matter ,2020-10-27,0.529,0.471,0.0,0.5423,0.0,0.67,0.0,0.0,0.33
415,Black Lives Matter,people saying needs delete freedom speech 2 joke 3 donated money ,2020-10-27,0.478,0.522,0.0,0.7506,0.0,0.0,0.5,0.0,0.5
416,Black Lives Matter,right make new flag trying justif ,2020-10-27,0.0,0.0,0.0,0.0,0.0,0.5,0.0,0.5,0.0
417,Black Lives Matter,report videos violence white supremacy report pictures black people ,2020-10-27,0.098,0.569,0.333,-0.5994,0.0,1.0,0.0,0.0,0.0
418,Black Lives Matter,ohh mean recent political party applied electoral commission und ,2020-10-27,0.252,0.748,0.0,0.4019,0.0,0.0,0.0,0.0,0.0
419,Black Lives Matter,quoting bc gory black lives matter pls dont focus whats going america ,2020-10-27,0.194,0.806,0.0,0.1027,0.0,1.0,0.0,0.0,0.0
420,Black Lives Matter,black lives matter elections ,2020-10-27,0.268,0.732,0.0,0.0258,0.0,1.0,0.0,0.0,0.0
421,Black Lives Matter,back blue acknowledge black lives matter ,2020-10-27,0.18,0.82,0.0,0.0258,0.0,0.5,0.0,0.5,0.0
422,Black Lives Matter,chaziel sunz former blm organizer quits black lives matter exposes dirty secrets video civil unrest nov 4t ,2020-10-27,0.056,0.718,0.226,-0.5106,0.33,0.33,0.0,0.0,0.33
423,Black Lives Matter,black lives matter anti fascism terrorism humans right protest botsforblacklives ,2020-10-27,0.069,0.375,0.556,-0.8316,0.0,1.0,0.0,0.0,0.0
424,Black Lives Matter,black lives matter anti fascism terrorism humans right protest botsforblacklives ,2020-10-27,0.069,0.375,0.556,-0.8316,0.0,1.0,0.0,0.0,0.0
425,Black Lives Matter,someone part black half black brother raised black man countles ,2020-10-27,0.0,0.0,0.0,0.0,0.0,0.0,0.0,0.0,1.0
426,Black Lives Matter,biden voters take guns black lives matter show guns ok ,2020-10-27,0.292,0.708,0.0,0.3182,0.0,1.0,0.0,0.0,0.0
427,Black Lives Matter,support means cause matters blm sign yard show support ,2020-10-27,0.52,0.48,0.0,0.6705,0.0,1.0,0.0,0.0,0.0
428,Black Lives Matter,yes black lives matter lives matter say together ,2020-10-27,0.495,0.505,0.0,0.4404,0.0,0.5,0.0,0.25,0.25
429,Black Lives Matter,black lives matter omg period true oomf never lie get help ,2020-10-27,0.275,0.565,0.159,0.1635,0.0,0.33,0.0,0.0,0.67
430,Black Lives Matter,literally tape saying black lives dont matter matter challenges ,2020-10-27,0.0,0.64,0.36,-0.0951,0.0,0.75,0.0,0.0,0.25
431,Black Lives Matter,voting lesson sometimes douchey looking boy band haircut guy running city council knows black live ,2020-10-27,0.0,0.0,0.0,0.0,0.0,1.0,0.0,0.0,0.0
432,Black Lives Matter,blm organization connected greater social uproar ,2020-10-27,0.333,0.667,0.0,0.3612,0.0,0.5,0.0,0.5,0.0
433,Black Lives Matter,sam feel black lives matter ,2020-10-27,0.216,0.784,0.0,0.0258,0.0,1.0,0.0,0.0,0.0
434,Black Lives Matter,biden put black people prison kk republican ever ,2020-10-27,0.212,0.508,0.28,-0.2023,0.0,0.0,0.0,0.5,0.5
435,Black Lives Matter,freedom speech plus joke give money black lives matter movement ,2020-10-27,0.517,0.483,0.0,0.7579,0.0,0.67,0.33,0.0,0.0
436,Black Lives Matter,tell assholes report woman robbed tamarac dont pricks tell viewers ,2020-10-27,0.124,0.594,0.282,-0.4826,0.0,0.0,0.0,1.0,0.0
437,Black Lives Matter,joe biden says president trump never speak phrase black lives matter lie roll tape ,2020-10-27,0.078,0.922,0.0,0.0258,0.0,0.5,0.0,0.0,0.5
438,Black Lives Matter,still semi wrong blm saying lives dont matter saying bla ,2020-10-27,0.0,0.657,0.343,-0.4895,0.0,0.33,0.0,0.0,0.67
439,Black Lives Matter,black people voting trump racists huge diff ,2020-10-27,0.213,0.463,0.324,-0.296,0.0,0.0,0.0,0.0,1.0
440,Black Lives Matter,makes sad im voting trumps tragic ass cmon see filthy glass cage ,2020-10-27,0.0,0.484,0.516,-0.8625,0.0,0.0,0.0,0.75,0.25
441,Black Lives Matter,np black lives matter kelvyn boy ,2020-10-27,0.467,0.533,0.0,0.3612,0.0,1.0,0.0,0.0,0.0
442,Black Lives Matter,easy believe movements black lives matter apply united states mama burna ,2020-10-27,0.459,0.541,0.0,0.7003,0.0,0.5,0.0,0.5,0.0
443,Black Lives Matter,cant say enough black lives matter body choice love love climate change real equality p ,2020-10-27,0.463,0.537,0.0,0.8591,0.17,0.17,0.33,0.17,0.17
444,Black Lives Matter,blm three words mean simply black lives matter know officialf ,2020-10-27,0.109,0.891,0.0,0.0258,0.5,0.5,0.0,0.0,0.0
445,Black Lives Matter,everybody serves honorably black lives matter whether tired ,2020-10-27,0.363,0.403,0.234,0.1531,0.0,1.0,0.0,0.0,0.0
446,Black Lives Matter,equalities spokesperson existent_chaos also joining us discussing results ,2020-10-27,0.0,0.0,0.0,0.0,0.0,0.0,0.0,0.0,0.0
447,Black Lives Matter,like cool cold fall halloween near black lives trans lives indigenous lives ,2020-10-27,0.324,0.676,0.0,0.5859,0.0,0.0,0.5,0.0,0.5
448,Black Lives Matter,black lives matter isnt police brutality gays str8s trans black men black queens ,2020-10-27,0.282,0.718,0.0,0.5139,0.33,0.33,0.33,0.0,0.0
449,Black Lives Matter,ohioans split support black lives matter movement yet lean one direction another ,2020-10-27,0.275,0.725,0.0,0.4215,0.0,1.0,0.0,0.0,0.0
450,Black Lives Matter,entire premise blm movement lie one thinks black lives matter everyone ,2020-10-27,0.099,0.901,0.0,0.0258,0.0,0.67,0.0,0.0,0.33
451,Black Lives Matter,trump leadership dangerous black lives matter south american lives matter either ,2020-10-27,0.165,0.602,0.233,-0.4404,0.0,0.75,0.0,0.0,0.25
452,Black Lives Matter,whole quote context wider topic yes black lives ,2020-10-27,0.278,0.722,0.0,0.4019,0.0,0.67,0.0,0.33,0.0
453,Black Lives Matter,also condemned use black lives matter push agendas apostle finally said phrase ,2020-10-27,0.079,0.714,0.207,-0.4215,0.0,0.6,0.0,0.2,0.2
454,Black Lives Matter,yes know black lives matter thats 2020 think clear ,2020-10-27,0.516,0.484,0.0,0.6597,0.0,0.25,0.0,0.5,0.25
455,Black Lives Matter,yes joe biden black lives matter ,2020-10-27,0.487,0.513,0.0,0.4215,0.0,0.5,0.0,0.5,0.0
456,Black Lives Matter,one teacher black lives matter lesson divided small wisconsin town racists wisconsin im shocked ,2020-10-27,0.061,0.615,0.324,-0.6908,0.0,0.33,0.0,0.33,0.33
457,Black Lives Matter,clarification racism okay photo represent people duchesses sid ,2020-10-27,0.158,0.5,0.342,-0.4939,0.0,0.0,0.0,0.0,0.0
458,Black Lives Matter,black lives matter period ,2020-10-27,0.268,0.732,0.0,0.0258,0.0,1.0,0.0,0.0,0.0
459,Black Lives Matter,agree calling acb however lame excuse reason ask someone say ,2020-10-27,0.279,0.515,0.206,-0.0,0.0,0.2,0.0,0.4,0.4
460,Black Lives Matter,black lives matter ,2020-10-27,0.355,0.645,0.0,0.0258,0.0,1.0,0.0,0.0,0.0
461,Black Lives Matter,cool long acknowledge lgbtq rights womens reproductive health pandemic black lives matter amp ,2020-10-27,0.236,0.764,0.0,0.34,0.0,0.75,0.25,0.0,0.0
462,Black Lives Matter,time elder oaks said black lives matter shouldve said conference baby steps guess ,2020-10-27,0.084,0.916,0.0,0.0258,0.0,0.25,0.0,0.0,0.75
463,Black Lives Matter,black lives matter joe long way thinks blacks part old pl ,2020-10-27,0.099,0.901,0.0,0.0258,0.0,0.67,0.0,0.0,0.33
464,Black Lives Matter,kind organization allow fundraising criminals assault people burn business ,2020-10-27,0.298,0.281,0.421,-0.4939,0.0,0.25,0.25,0.5,0.0
465,Black Lives Matter,oouu lil nigga wanna try told em black lives matter ima riott ,2020-10-27,0.091,0.909,0.0,0.0258,0.0,0.33,0.0,0.67,0.0
466,Black Lives Matter,left party street violence communism black live ,2020-10-27,0.229,0.424,0.347,-0.34,0.0,0.0,0.0,1.0,0.0
467,Black Lives Matter,anyone whos supports black lives matter movement needs seen ,2020-10-27,0.34,0.66,0.0,0.3818,0.0,1.0,0.0,0.0,0.0
468,Black Lives Matter,black lives matter anarchists okay ,2020-10-27,0.5,0.5,0.0,0.25,0.0,1.0,0.0,0.0,0.0
469,Black Lives Matter,support black lives matter mom doesnt support says basically cult keep trying explain ,2020-10-27,0.394,0.606,0.0,0.6705,0.0,0.67,0.0,0.0,0.33
470,Black Lives Matter,black lives still matter always always ,2020-10-27,0.18,0.82,0.0,0.0258,0.0,0.33,0.0,0.67,0.0
471,Black Lives Matter,irony fantasy football community many people write analyze primarily black athletes peopl ,2020-10-27,0.0,0.902,0.098,-0.0516,0.0,0.0,0.0,1.0,0.0
472,Black Lives Matter,black lives matter must work community dismantle white supremacy black lives matter ,2020-10-27,0.274,0.726,0.0,0.1027,0.0,1.0,0.0,0.0,0.0
473,Black Lives Matter,defund police abolish capitalism black lives matter like organis ,2020-10-27,0.34,0.66,0.0,0.3818,0.0,1.0,0.0,0.0,0.0
474,Black Lives Matter,el mop tiene un sticker que dice black lives matter en la guitarra literal siempre agarra la bandera lgtbq pa ba ,2020-10-27,0.052,0.948,0.0,0.0258,0.0,0.67,0.0,0.33,0.0
475,Black Lives Matter,harris also praised brilliance impact black lives matter received media prai ,2020-10-27,0.506,0.494,0.0,0.802,0.33,0.33,0.0,0.0,0.33
476,Black Lives Matter,go fund shuts campaign black man assaulted black lives matter ,2020-10-27,0.088,0.64,0.272,-0.5106,0.33,0.67,0.0,0.0,0.0
477,Black Lives Matter,black lives matter co founder describes trained marxist via nypost ,2020-10-27,0.109,0.891,0.0,0.0258,0.0,1.0,0.0,0.0,0.0
478,Black Lives Matter,riot backlash ignorant kamala harris slammed praising essential blm protests days cop ,2020-10-27,0.183,0.419,0.398,-0.4767,0.0,0.5,0.5,0.0,0.0
479,Black Lives Matter,hi know saying lives matter suggesting lives equal sho ,2020-10-27,0.121,0.879,0.0,0.0258,0.0,0.5,0.0,0.0,0.5
480,Black Lives Matter,lets set something straight blm movement yes also non profit group supp ,2020-10-27,0.455,0.545,0.0,0.7579,0.0,0.4,0.0,0.4,0.2
481,Black Lives Matter,vice presidential nominee kamala harris come criticism saying protests rac ,2020-10-27,0.0,0.625,0.375,-0.5859,0.0,0.0,0.0,0.0,1.0
482,Black Lives Matter,black lives matter shirts meet maga hats gun show ,2020-10-27,0.105,0.667,0.229,-0.3182,0.0,0.5,0.0,0.5,0.0
483,Black Lives Matter,seems people refused pr request supporting black lives matter know ,2020-10-27,0.303,0.53,0.167,0.2023,0.0,0.33,0.0,0.67,0.0
484,Black Lives Matter,black lives matter ,2020-10-27,0.355,0.645,0.0,0.0258,0.0,1.0,0.0,0.0,0.0
485,Black Lives Matter,race police officers immediately confirmed shooting occurred predominantly black neigh ,2020-10-27,0.0,0.0,0.0,0.0,0.0,1.0,0.0,0.0,0.0
486,Black Lives Matter,20 40 years humanity survives folks gone like protested black lives matter children go ,2020-10-27,0.224,0.683,0.093,0.2732,0.0,1.0,0.0,0.0,0.0
487,Black Lives Matter,black lives matter racial profiling policemen ,2020-10-27,0.18,0.82,0.0,0.0258,0.0,1.0,0.0,0.0,0.0
488,Black Lives Matter,anyone family understands values values love love black lives matte ,2020-10-27,0.697,0.303,0.0,0.93,0.0,0.0,0.67,0.0,0.33
489,Black Lives Matter,honest would necessary say lives matter like people use ,2020-10-27,0.535,0.465,0.0,0.7096,0.0,0.67,0.0,0.0,0.33
490,Black Lives Matter,president oaks byu heed prophets call end racism ,2020-10-27,0.0,0.631,0.369,-0.6249,0.0,0.0,0.0,0.0,0.0
491,Black Lives Matter,carmel priest suspended black lives matter comments returnsto public ministry via ,2020-10-27,0.083,0.682,0.235,-0.4588,0.0,1.0,0.0,0.0,0.0
492,Black Lives Matter,need strength accomplished via eating garbage black lives matter wear mask ,2020-10-27,0.474,0.526,0.0,0.7351,0.0,0.67,0.0,0.33,0.0
493,Black Lives Matter,sorry idea talking produced two articles talking people kille ,2020-10-27,0.0,0.86,0.14,-0.0772,0.0,0.0,0.0,1.0,0.0
494,Black Lives Matter,investiga ,2020-10-27,0.0,0.0,0.0,0.0,0.0,0.0,0.0,0.0,0.0
495,Black Lives Matter,bring idea black peoples lives matter wont thats ,2020-10-27,0.136,0.864,0.0,0.0258,0.0,0.5,0.0,0.5,0.0
496,Black Lives Matter,biden wins lincoln project needs petition democrats urge changes america ,2020-10-27,0.291,0.709,0.0,0.5719,0.0,0.0,1.0,0.0,0.0
497,Black Lives Matter,nope black lives matter simple statement align ,2020-10-27,0.0,0.848,0.152,-0.0191,0.0,1.0,0.0,0.0,0.0
498,Black Lives Matter,4 point biden honest profess american black lives matter ,2020-10-27,0.423,0.577,0.0,0.5267,0.0,0.67,0.0,0.0,0.33
499,Black Lives Matter,wallies probably conflate diversity push blm wrong wrong wrong black lives matter ,2020-10-27,0.06,0.435,0.505,-0.8481,0.0,1.0,0.0,0.0,0.0
500,Black Lives Matter,say name cannon hinnant tamarris l bohannon david dorn damon gutzwiller dave patrick underwood ,2020-10-27,0.0,0.0,0.0,0.0,0.0,0.0,0.0,0.0,1.0
501,Black Lives Matter,hidu lives matter black lives matter human lives matter hindu lives dont matter ,2020-10-27,0.328,0.672,0.0,0.1027,0.0,1.0,0.0,0.0,0.0
502,Black Lives Matter,black lives matter ,2020-10-27,0.355,0.645,0.0,0.0258,0.0,1.0,0.0,0.0,0.0
503,Black Lives Matter,black lives matter anti fascism terrorism humans right protest botsforblacklives ,2020-10-27,0.069,0.375,0.556,-0.8316,0.0,1.0,0.0,0.0,0.0
504,Black Lives Matter,black lives matter anti fascism terrorism humans right protest botsforblacklives ,2020-10-27,0.069,0.375,0.556,-0.8316,0.0,1.0,0.0,0.0,0.0
505,Black Lives Matter,ice racist anti black recently ice officers tortured cameroonian immigrants signing de ,2020-10-27,0.0,0.476,0.524,-0.872,0.0,1.0,0.0,0.0,0.0
506,Black Lives Matter,say black lives matter critical race theory right way ,2020-10-27,0.106,0.673,0.221,-0.296,0.0,0.8,0.0,0.0,0.2
507,Black Lives Matter,black lives matter black police black children black workers exactly ,2020-10-27,0.109,0.891,0.0,0.0258,0.0,1.0,0.0,0.0,0.0
508,Black Lives Matter,dho say black lives matter said course black lives matter difference first su ,2020-10-27,0.167,0.833,0.0,0.0516,0.0,0.4,0.0,0.0,0.6
509,Black Lives Matter,lol signs meaningless seen black lives matter signs groups punc ,2020-10-27,0.283,0.507,0.21,0.0,0.0,0.75,0.0,0.0,0.25
510,Black Lives Matter,show tweets ppl claiming black lives matter ,2020-10-27,0.155,0.845,0.0,0.0258,0.0,0.5,0.0,0.0,0.5
511,Black Lives Matter,legit dont care elder oaks said black lives matter acceptable message bc already knew ,2020-10-27,0.2,0.646,0.154,-0.0588,0.0,0.33,0.33,0.0,0.33
512,Black Lives Matter,roflmao black friends roflmao closeted racist bel ,2020-10-27,0.591,0.175,0.234,0.7269,0.0,0.0,1.0,0.0,0.0
513,Black Lives Matter,black lives matter ,2020-10-27,0.355,0.645,0.0,0.0258,0.0,1.0,0.0,0.0,0.0
514,Black Lives Matter,black lives matter protect black men cops killing black people based color thei ,2020-10-27,0.204,0.552,0.243,-0.4019,0.0,0.2,0.2,0.4,0.2
515,Black Lives Matter,poll worker told arias could wear blm shirt polls citing law forbids candidate campaig ,2020-10-27,0.0,0.85,0.15,-0.3182,0.0,0.0,0.0,0.5,0.5
516,Black Lives Matter,ok black lives matter ,2020-10-27,0.623,0.377,0.0,0.3182,0.0,1.0,0.0,0.0,0.0
517,Black Lives Matter,yep america really racist wonder side dont allow black lives matter shirts likel ,2020-10-27,0.181,0.493,0.326,-0.566,0.0,0.33,0.0,0.0,0.67
518,Black Lives Matter,tf saying black lives matter doe ,2020-10-27,0.18,0.82,0.0,0.0258,0.0,0.5,0.0,0.0,0.5
519,Black Lives Matter,taylor calls white people got tired black lives matter movement abandoned uprising ,2020-10-27,0.069,0.562,0.369,-0.7003,0.0,1.0,0.0,0.0,0.0
520,Black Lives Matter,black lives matter made mexican american beer writer rethink role craft beer ,2020-10-27,0.091,0.909,0.0,0.0258,0.0,0.5,0.0,0.5,0.0
521,Black Lives Matter,big guy sure doesnt act like black lives matter ,2020-10-27,0.295,0.521,0.183,0.0747,0.0,1.0,0.0,0.0,0.0
522,Black Lives Matter,eloise chairs 29 shot amp killed chuck e cheese 900 block e kimberly davenport ia october 2 ,2020-10-27,0.0,0.619,0.381,-0.8126,0.0,0.0,0.0,0.0,1.0
523,Black Lives Matter,trump clearly addressing black lives matter clip saying believes ,2020-10-27,0.352,0.648,0.0,0.4215,0.0,0.33,0.0,0.0,0.67
524,Black Lives Matter,black lives matter black lives matter black lives matter black lives matter black lives matter black lives matter fuckracism blm ,2020-10-27,0.32,0.68,0.0,0.1531,0.0,1.0,0.0,0.0,0.0
525,Black Lives Matter,heres full article ,2020-10-27,0.0,0.0,0.0,0.0,0.0,0.0,0.0,0.0,0.0
526,Black Lives Matter,states like texas others well trump invokes insurrection act ,2020-10-27,0.397,0.603,0.0,0.5574,0.0,0.0,0.0,0.5,0.5
527,Black Lives Matter,us 92 returns tonight nbc spoke creator cast randall kevin ,2020-10-27,0.0,0.0,0.0,0.0,0.0,0.5,0.0,0.0,0.5
528,Black Lives Matter,pandemic black lives matter movement factors marketers rethinking logos packaging visual w ,2020-10-27,0.099,0.901,0.0,0.0258,0.0,0.5,0.0,0.0,0.5
529,Black Lives Matter,love show unreal although never recommend honestly emotional rollercoaster e ,2020-10-27,0.276,0.328,0.396,0.0428,0.0,0.0,0.5,0.5,0.0
530,Black Lives Matter,black lives matter joe sounds racist stop dividing us race irish catholic n ,2020-10-27,0.067,0.552,0.38,-0.7269,0.0,1.0,0.0,0.0,0.0
531,Black Lives Matter,black lives matter protesters gathered outside trump rally lansing michigan trump rally black lives matter ,2020-10-27,0.137,0.745,0.118,-0.1779,0.0,0.67,0.0,0.0,0.33
532,Black Lives Matter,say louder people joining back row cultural hall black lives matter ,2020-10-27,0.099,0.901,0.0,0.0258,0.0,0.5,0.0,0.0,0.5
533,Black Lives Matter,left thrall crazy people black lives matter founders marxists foll ,2020-10-27,0.096,0.696,0.209,-0.3182,0.0,1.0,0.0,0.0,0.0
534,Black Lives Matter,black lives matter rioters hit cop philadelphia truck ,2020-10-27,0.136,0.864,0.0,0.0258,0.5,0.5,0.0,0.0,0.0
535,Black Lives Matter,remember said nba ratings put black lives matter court social justice ,2020-10-27,0.333,0.667,0.0,0.5423,0.0,0.67,0.0,0.17,0.17
536,Black Lives Matter,celebrities going hard birkins barely said sht black lives matter movement fck outta heaa ,2020-10-27,0.076,0.828,0.097,-0.0772,0.25,0.5,0.0,0.0,0.25
537,Black Lives Matter,womans comedy pure genius watch stuff tik tok video describes many liberals ,2020-10-27,0.185,0.815,0.0,0.3612,0.33,0.0,0.0,0.0,0.67
538,Black Lives Matter,mentioned black lives matter sa ,2020-10-27,0.216,0.784,0.0,0.0258,0.0,1.0,0.0,0.0,0.0
539,Black Lives Matter,mormons go far say black lives matter thats know youve fucked ,2020-10-27,0.076,0.621,0.303,-0.6486,0.0,0.5,0.25,0.0,0.25
540,Black Lives Matter,black lives fucking matter ,2020-10-27,0.317,0.683,0.0,0.101,0.0,0.5,0.5,0.0,0.0
541,Black Lives Matter,say black lives matter throughout history mattered notice black lives matt ,2020-10-27,0.099,0.901,0.0,0.0258,0.0,0.8,0.0,0.0,0.2
542,Black Lives Matter,great absolutely agree yemeni lives matter right need vote person ,2020-10-27,0.533,0.467,0.0,0.7902,0.0,0.75,0.25,0.0,0.0
543,Black Lives Matter,black lives matter anti fascism terrorism humans right protest botsforblacklives ,2020-10-27,0.069,0.375,0.556,-0.8316,0.0,1.0,0.0,0.0,0.0
544,Black Lives Matter,black lives matter anti fascism terrorism humans right protest botsforblacklives ,2020-10-27,0.069,0.375,0.556,-0.8316,0.0,1.0,0.0,0.0,0.0
545,Black Lives Matter,dude black lives matter shirtwhere money go hundreds millio ,2020-10-27,0.121,0.879,0.0,0.0258,0.0,1.0,0.0,0.0,0.0
546,Black Lives Matter,thank pushing front page black lives matter need kill man ,2020-10-27,0.235,0.458,0.307,-0.4767,0.0,0.67,0.0,0.0,0.33
547,Black Lives Matter,course black lives matter eternal truth reasonable people support pres oaks dallin h ,2020-10-27,0.404,0.596,0.0,0.6249,0.0,1.0,0.0,0.0,0.0
548,Black Lives Matter,busy telling people believing black lives matter problem beliefs missourians ,2020-10-27,0.093,0.678,0.229,-0.3818,0.0,0.75,0.0,0.25,0.0
549,Black Lives Matter,crazy walter wallace charged cops knife walter wallace jr ,2020-10-27,0.0,0.625,0.375,-0.4939,0.0,0.5,0.5,0.0,0.0
550,Black Lives Matter,never mentioned centering support example black lives matter black issue led ,2020-10-27,0.089,0.728,0.183,-0.2865,0.0,1.0,0.0,0.0,0.0
551,Black Lives Matter,yeah best way show black lives matter intelligent ,2020-10-27,0.724,0.276,0.0,0.8591,0.0,0.5,0.0,0.0,0.5
552,Black Lives Matter,early voter pulled line wearing black lives matter shirt georgia ,2020-10-27,0.109,0.891,0.0,0.0258,0.0,1.0,0.0,0.0,0.0
553,Black Lives Matter,christian protesters seen tearing signs fence near black lives matter plaza monday night ,2020-10-27,0.079,0.786,0.136,-0.2023,0.0,0.75,0.0,0.25,0.0
554,Black Lives Matter,wnba players threw support behind rev raphael warnock georgias special us senate race sen kel ,2020-10-27,0.293,0.707,0.0,0.6597,0.0,0.33,0.0,0.33,0.33
555,Black Lives Matter,voting biden endorses black lives matter truly right wing going get ,2020-10-27,0.444,0.556,0.0,0.6597,0.0,1.0,0.0,0.0,0.0
556,Black Lives Matter,tyrone mings proud premier league players rising black lives matter movement ,2020-10-27,0.318,0.682,0.0,0.4939,0.0,0.5,0.5,0.0,0.0
557,Black Lives Matter,keep hearing trolls say black lives matter symbol hate real evil coming white su ,2020-10-27,0.054,0.545,0.401,-0.8402,0.12,0.38,0.0,0.25,0.25
558,Black Lives Matter,hi id like remind yall even though black lives matter movement died social medi ,2020-10-27,0.198,0.604,0.198,-0.25,0.0,0.75,0.0,0.25,0.0
559,Black Lives Matter,black lives matter ,2020-10-27,0.355,0.645,0.0,0.0258,0.0,1.0,0.0,0.0,0.0
560,Black Lives Matter,way black lives matter lives matter ,2020-10-27,0.355,0.645,0.0,0.0516,0.0,1.0,0.0,0.0,0.0
561,Black Lives Matter,oh like many white people yes white dont get bless yer heart black lives matter ,2020-10-27,0.321,0.56,0.119,0.453,0.0,0.5,0.17,0.33,0.0
562,Black Lives Matter,seduction style influence thats shot represents shooting iammeia back black lives mat ,2020-10-27,0.0,0.0,0.0,0.0,0.0,0.0,0.0,0.0,0.0
563,Black Lives Matter,remember philly pd classic bonus nazi tattoo investigated deemed copacetic ,2020-10-27,0.28,0.72,0.0,0.5423,0.0,1.0,0.0,0.0,0.0
564,Black Lives Matter,love handle ct situation mature respectable one wishes worst enemy ,2020-10-27,0.498,0.173,0.329,0.4404,0.0,0.33,0.33,0.33,0.0
565,Black Lives Matter,suggest andy take long hard look wonder ,2020-10-27,0.0,0.811,0.189,-0.1027,0.33,0.33,0.0,0.0,0.33
566,Black Lives Matter,black lives matter ,2020-10-27,0.355,0.645,0.0,0.0258,0.0,1.0,0.0,0.0,0.0
567,Black Lives Matter,says lot nhl ca even say black lives matter handful players kneeled ugh ,2020-10-27,0.074,0.738,0.188,-0.4019,0.0,0.2,0.0,0.4,0.4
568,Black Lives Matter,black people black lives matter black lives black people going ,2020-10-27,0.109,0.891,0.0,0.0258,0.0,1.0,0.0,0.0,0.0
569,Black Lives Matter,w oul ou al ly lo se fr ie nd r p ol see would lose friends believe equality women ,2020-10-27,0.286,0.598,0.115,0.6124,0.0,0.33,0.33,0.33,0.0
570,Black Lives Matter,black lives matter heart hurting ,2020-10-27,0.162,0.441,0.397,-0.3818,0.0,0.33,0.0,0.67,0.0
571,Black Lives Matter,activists tear signs black lives matter plaza confirmation amy coney barrett ,2020-10-27,0.099,0.901,0.0,0.0258,0.0,0.75,0.0,0.25,0.0
572,Black Lives Matter,know trending anymore reminder black lives still matter killed police ,2020-10-27,0.081,0.588,0.331,-0.6597,0.0,0.5,0.0,0.0,0.5
573,Black Lives Matter,rest peace walter wallace black lives matter life mattered truly sickening thing ha ,2020-10-27,0.465,0.376,0.16,0.6705,0.0,0.75,0.0,0.0,0.25
574,Black Lives Matter,black lives matter ,2020-10-27,0.355,0.645,0.0,0.0258,0.0,1.0,0.0,0.0,0.0
575,Black Lives Matter,black lives matter anti fascism terrorism humans right protest botsforblacklives ,2020-10-27,0.069,0.375,0.556,-0.8316,0.0,1.0,0.0,0.0,0.0
576,Black Lives Matter,black lives matter anti fascism terrorism humans right protest botsforblacklives ,2020-10-27,0.069,0.375,0.556,-0.8316,0.0,1.0,0.0,0.0,0.0
577,Black Lives Matter,open eyes black lives matter people standing lives aga ,2020-10-27,0.121,0.879,0.0,0.0258,0.0,1.0,0.0,0.0,0.0
578,Black Lives Matter,black lives matter economics profession ft carolina alves via tube ,2020-10-27,0.109,0.891,0.0,0.0258,0.0,1.0,0.0,0.0,0.0
579,Black Lives Matter,bruh lives matter protest black lives matter keep mind support 910 ur racist ,2020-10-27,0.259,0.423,0.317,-0.4767,0.0,0.67,0.0,0.0,0.33
580,Black Lives Matter,poll worker told man could wear blm shirt polls citing law forbids candidate campa ,2020-10-27,0.0,0.85,0.15,-0.3182,0.0,0.0,0.0,0.5,0.5
581,Black Lives Matter,black lives matter protests portland limit attendance ,2020-10-27,0.138,0.625,0.237,-0.2023,0.0,0.5,0.0,0.0,0.5
582,Black Lives Matter,black lives matter fact political statement antiracistsc scchat ,2020-10-27,0.136,0.864,0.0,0.0258,0.0,1.0,0.0,0.0,0.0
583,Black Lives Matter,year using voice faith proclaim black lives matter one week election day ,2020-10-27,0.281,0.719,0.0,0.4404,0.0,0.4,0.2,0.0,0.4
584,Black Lives Matter,americans come together like black lives matter time fight congress ,2020-10-27,0.273,0.53,0.197,0.0,0.0,0.33,0.0,0.33,0.33
585,Black Lives Matter,tad_ walch recent nationwide protests fueled powerful feelings country suffers ,2020-10-27,0.189,0.473,0.338,-0.296,0.0,1.0,0.0,0.0,0.0
586,Black Lives Matter,removed black man ad criticized joe biden record crime black lives matter movement ,2020-10-27,0.064,0.585,0.351,-0.7096,0.0,0.5,0.0,0.5,0.0
587,Black Lives Matter,black lives matter joe biden president 2020 via tube ,2020-10-27,0.121,0.879,0.0,0.0258,0.0,1.0,0.0,0.0,0.0
588,Black Lives Matter,painting black lives matter ground front trump tower much important de blasio ,2020-10-27,0.225,0.775,0.0,0.2263,0.0,0.33,0.33,0.0,0.33
589,Black Lives Matter,acted like thug charged police tried de escalate situation bu ,2020-10-27,0.203,0.65,0.146,0.1779,0.0,0.5,0.5,0.0,0.0
590,Black Lives Matter,black lives matter black lives matter ,2020-10-27,0.355,0.645,0.0,0.0516,0.0,1.0,0.0,0.0,0.0
591,Black Lives Matter,get sign saying believe fetus right women rights suppos ,2020-10-27,0.0,0.0,0.0,0.0,0.0,0.75,0.0,0.0,0.25
592,Black Lives Matter,guess like many others bit meant wrt part also reads like theyr ,2020-10-27,0.333,0.667,0.0,0.6124,0.0,0.0,0.0,0.0,1.0
593,Black Lives Matter,like democrats media black lives matter especially media instead ,2020-10-27,0.34,0.66,0.0,0.3818,0.0,1.0,0.0,0.0,0.0
594,Black Lives Matter,people say dont like politics sports say black lives matter nba nfl ,2020-10-27,0.083,0.757,0.16,-0.2523,0.0,0.5,0.0,0.0,0.5
595,Black Lives Matter,black lives matter ,2020-10-27,0.355,0.645,0.0,0.0258,0.0,1.0,0.0,0.0,0.0
596,Black Lives Matter,person ashamed say black lives matter ,2020-10-27,0.134,0.488,0.378,-0.4588,0.0,0.33,0.0,0.33,0.33
597,Black Lives Matter,violent mob seen lately mob trump voters intimidated black lives matter ,2020-10-27,0.069,0.503,0.428,-0.7717,0.4,0.2,0.0,0.0,0.4
598,Black Lives Matter,ha took black lives matter headline ,2020-10-27,0.467,0.533,0.0,0.3612,0.0,0.5,0.0,0.0,0.5
599,Black Lives Matter,everybody arming neighbor ms jackson said looking diverse lot fellow ,2020-10-27,0.0,0.0,0.0,0.0,0.0,0.0,0.0,0.67,0.33
